gene_id,transcript_id,ref_seq_id,Mutation,variant_coordinate,affected_nucleotide_position,Δ_type,Δ_score,REF_score,ALT_score,gene_symbol
ENSG00000115657.15,ENST00000265316.9,['NM_005689.4'],p.T462M,"38,2:g.219214390G>A",-1bp,Splice_Loss,-0.08,0.85,0.77,ABCB6
ENSG00000115657.15,ENST00000265316.9,['NM_005689.4'],p.T462M,"38,2:g.219214390G>A",-25bp,Splice_Gain,0.01,0.06,0.07,ABCB6
ENSG00000183549.11,ENST00000331849.8,['NM_017888.3'],p.G483R,"38,16:g.20437278G>A",-10bp,Splice_Loss,-0.11,0.72,0.61,ACSM5
ENSG00000183549.11,ENST00000331849.8,['NM_017888.3'],p.G483R,"38,16:g.20437278G>A",2bp,Splice_Gain,0.01,0.05,0.06,ACSM5
ENSG00000198796.8,ENST00000361673.4,['NM_052947.4'],p.G1928E,"37,18:g.58517065C>T",117bp,Splice_Loss,-0.00,0.85,0.84,ALPK2
ENSG00000198796.8,ENST00000361673.4,['NM_052947.4'],p.G1928E,"37,18:g.58517065C>T",-1bp,Splice_Gain,0.01,0.05,0.06,ALPK2
ENSG00000188157.16,ENST00000379370.7,['NM_198576.4'],p.?ins,"38,1:g.1042601A>AGAGAG",-4bp,Splice_Loss,-0.12,0.19,0.07,AGRN
ENSG00000188157.16,ENST00000379370.7,['NM_198576.4'],p.?ins,"38,1:g.1042601A>AGAGAG",0bp,Splice_Gain,0.16,0.05,0.21,AGRN
ENSG00000188157.16,ENST00000379370.7,['NM_198576.4'],p.?del,"38,1:g.1042466GGGC>G",3bp,Splice_Loss,-0.05,0.05,0.00,AGRN
ENSG00000188157.16,ENST00000379370.7,['NM_198576.4'],p.?del,"38,1:g.1042466GGGC>G",131bp,Splice_Gain,0.04,0.19,0.23,AGRN
