pdb_id_corrected,uniprot_id,sequence,protein_name
1PGA,P06654,MEKEKKVKYFLRKSAFGLASVSAAFLVGSTVFAVDSPIEDTPIIRNGGELTNLLGNSETTLALRNEESATADLTAAAVADTVAAAAAENAGAAAWEAAAAADALAKAKADALKEFNKYGVSDYYKNLINNAKTVEGIKDLQAQVVESAKKARISEATDGLSDFLKSQTPAEDTVKSIELAEAKVLANRELDKYGVSDYHKNLINNAKTVEGVKELIDEILAALPKTDTYKLILNGKTLKGETTTEAVDAATAEKVFKQYANDNGVDGEWTYDDATKTFTVTEKPEVIDASELTPAVTTYKLVINGKTLKGETTTKAVDAETAEKAFKQYANDNGVDGVWTYDDATKTFTVTEMVTEVPGDAPTEPEKPEASIPLVPLTPATPIAKDDAKKDDTKKEDAKKPEAKKDDAKKAETLPTTGEGSNPFFTAAALAVMAGAGALAVASKRKED,Immunoglobulin G-binding protein G
2OCJ,P04637,MEEPQSDPSVEPPLSQETFSDLWKLLPENNVLSPLPSQAMDDLMLSPDDIEQWFTEDPGPDEAPRMPEAAPPVAPAPAAPTPAAPAPAPSWPLSSSVPSQKTYQGSYGFRLGFLHSGTAKSVTCTYSPALNKMFCQLAKTCPVQLWVDSTPPPGTRVRAMAIYKQSQHMTEVVRRCPHHERCSDSDGLAPPQHLIRVEGNLRVEYLDDRNTFRHSVVVPYEPPEVGSDCTTIHYNYMCNSSCMGGMNRRPILTIITLEDSSGNLLGRNSFEVRVCACPGRDRRTEEENLRKKGEPHHELPPGSTKRALPNNTSSSPQPKKKPLDGEYFTLQIRGRERFEMFRELNEALELKDAQAGKEPGGSRAHSSHLKSKKGQSTSRHKKLMFKTEGPDSD,Cellular tumor antigen p53
1ISP,P37957,MKFVKRRIIALVTILMLSVTSLFALQPSAKAAEHNPVVMVHGIGGASFNFAGIKSYLVSQGWSRDKLYAVDFWDKTGTNYNNGPVLSRFVQKVLDETGAKKVDIVAHSMGGANTLYYIKNLDGGNKVANVVTLGGANRLTTGKALPGTDPNQKILYTSIYSSADMIVMNYLSRLDGARNVQIHGVGHIGLLYSSQVNSLIKEGLNGGGQNTN,Lipase EstA
1LZ1,P61626,MKALIVLGLVLLSVTVQGKVFERCELARTLKRLGMDGYRGISLANWMCLAKWESGYNTRATNYNAGDRSTDYGIFQINSRYWCNDGKTPGAVNACHLSCSALLQDNIADAVACAKRVVRDPQGIRAWVAWRNRCQNRDVRQYVQGCGV,Lysozyme C
4LYZ,P00698,MRSLLILVLCFLPLAALGKVFGRCELAAAMKRHGLDNYRGYSLGNWVCAAKFESNFNTQATNRNTDGSTDYGILQINSRWWCNDGRTPGSRNLCNIPCSALLSSDITASVNCAKKIVSDGNGMNAWVAWRNRCKGTDVQAWIRGCRL,Lysozyme C
1CYC,P00025,MGDVAKGKKTFVQKCAQCHTVENGGKHKVGPNLWGLFGRKTGQAEGYSYTDANKSKGIVWNENTLMEYLENPKKYIPGTKMIFAGIKKKGERQDLVAYLKSATS,Cytochrome c
5PTI,P00974,MKMSRLCLSVALLVLLGTLAASTPGCDTSNQAKAQRPDFCLEPPYTGPCKARIIRYFYNAKAGLCQTFVYGGCRAKRNNFKSAEDCMRTCGGAIGPWENL,Pancreatic trypsin inhibitor
1EY0,P00644,MLVMTEYLLSAGICMAIVSILLIGMAISNVSKGQYAKRFFFFATSCLVLTLVVVSSLSSSANASQTDNGVNRSGSEDPTVYSATSTKKLHKEPATLIKAIDGDTVKLMYKGQPMTFRLLLVDTPETKHPKKGVEKYGPEASAFTKKMVENAKKIEVEFDKGQRTDKYGRGLAYIYADGKMVNEALVRQGLAKVAYVYKPNNTHEQHLRKSEAQAKKEKLNIWSEDNADSGQ,Thermonuclease
1CEY,P0AE67,MADKELKFLVVDDFSTMRRIVRNLLKELGFNNVEEAEDGVDALNKLQAGGYGFVISDWNMPNMDGLELLKTIRADGAMSALPVLMVTAEAKKENIIAAAQAGASGYVVKPFTAATLEEKLNKIFEKLGM,Chemotaxis protein CheY
1BVC,P02185,MVLSEGEWQLVLHVWAKVEADVAGHGQDILIRLFKSHPETLEKFDRFKHLKTEAEMKASEDLKKHGVTVLTALGAILKKKGHHEAELKPLAQSHATKHKIPIKYLEFISEAIIHVLHSRHPGDFGADAQGAMNKALELFRKDIAAKYKELGYQG,Myoglobin
1C2R,P00094,MKISLTAATVAALVLAAPAFAGDAAKGEKEFNKCKTCHSIIAPDGTEIVKGAKTGPNLYGVVGRTAGTYPEFKYKDSIVALGASGFAWTEEDIATYVKDPGAFLKEKLDDKKAKTGMAFKLAKGGEDVAAYLASVVK,Cytochrome c2
2RN2,P0A7Y4,MLKQVEIFTDGSCLGNPGPGGYGAILRYRGREKTFSAGYTRTTNNRMELMAAIVALEALKEHCEVILSTDSQYVRQGITQWIHNWKKRGWKTADKKPVKNVDLWQRLDAALGQHQIKWEWVKGHAGHPENERCDELARAAAMNPTLEDTGYQVEV,Ribonuclease HI
1WQ5,P0A877,MERYESLFAQLKERKEGAFVPFVTLGDPGIEQSLKIIDTLIEAGADALELGIPFSDPLADGPTIQNATLRAFAAGVTPAQCFEMLALIRQKHPTIPIGLLMYANLVFNKGIDEFYAQCEKVGVDSVLVADVPVEESAPFRQAALRHNVAPIFICPPNADDDLLRQIASYGRGYTYLLSRAGVTGAENRAALPLNHLVAKLKEYNAAPPLQGFGISAPDQVKAAIDAGAAGAISGSAIVKIIEQHINEPEKMLAALKVFVQPMKAATRS,Tryptophan synthase alpha chain
1POH,P0AA04,MFQQEVTITAPNGLHTRPAAQFVKEAKGFTSEITVTSNGKSASAKSLFKLQTLGLTQGTVVTISAEGEDEQKAVEHLVKLMAELE,Phosphocarrier protein HPr
1IGV,P02633,MSAKKSPEELKGIFEKYAAKEGDPNQLSKEELKLLLQTEFPSLLKGPSTLDELFEELDKNGDGEVSFEEFQVLVKKISQ,Protein S100-G
1ZG4,P62593,MSIQHFRVALIPFFAAFCLPVFAHPETLVKVKDAEDQLGARVGYIELDLNSGKILESFRPEERFPMMSTFKVLLCGAVLSRVDAGQEQLGRRIHYSQNDLVEYSPVTEKHLTDGMTVRELCSAAITMSDNTAANLLLTTIGGPKELTAFLHNMGDHVTRLDRWEPELNEAIPNDERDTTMPAAMATTLRKLLTGELLTLASRQQLIDWMEADKVAGPLLRSALPAGWFIADKSGAGERGSRGIIAALGPDGKPSRIVVIYTTGSQATMDERNRQIAEIGASLIKHW,Beta-lactamase TEM
1CSP,P32081,MLEGKVKWFNSEKGFGFIEVEGQDDVFVHFSAIQGEGFKTLEEGQAVSFEIVEGNRGPQAANVTKEA,Cold shock protein CspB
1MJC,P0A9X9,MSGKMTGIVKWFNADKGFGFITPDDGSKDVFVHFSAIQNDGYKSLDEGQKVSFTIESGAKGPAAGNVTSL,Cold shock protein CspA
2LZM,P00720,MNIFEMLRIDERLRLKIYKDTEGYYTIGIGHLLTKSPSLNAAKSELDKAIGRNCNGVITKDEAEKLFNQDVDAAVRGILRNAKLKPVYDSLDAVRRCALINMVFQMGETGVAGFTNSLRMLQQKRWDEAAVNLAKSIWYNQTPNRAKRVITTFRTGTWDAYKNL,Endolysin
1BTA,P11540,MKKAVINGEQIRSISDLHQTLKKELALPEYYGENLDALWDCLTGWVEYPLVLEWRQFEQSKQLTENGAESVLQVFREAKAEGCDITIILS,Barstar
1HRC,P00004,MGDVEKGKKIFVQKCAQCHTVEKGGKHKTGPNLHGLFGRKTGQAPGFTYTDANKNKGITWKEETLMEYLENPKKYIPGTKMIFAGIKKKTEREDLIAYLKKATNE,Cytochrome c
1QLP,P01009,MPSSVSWGILLLAGLCCLVPVSLAEDPQGDAAQKTDTSHHDQDHPTFNKITPNLAEFAFSLYRQLAHQSNSTNIFFSPVSIATAFAMLSLGTKADTHDEILEGLNFNLTEIPEAQIHEGFQELLRTLNQPDSQLQLTTGNGLFLSEGLKLVDKFLEDVKKLYHSEAFTVNFGDTEEAKKQINDYVEKGTQGKIVDLVKELDRDTVFALVNYIFFKGKWERPFEVKDTEEEDFHVDQVTTVKVPMMKRLGMFNIQHCKKLSSWVLLMKYLGNATAIFFLPDEGKLQHLENELTHDIITKFLENEDRRSASLHLPKLSITGTYDLKSVLGQLGITKVFSNGADLSGVTEEAPLKLSKAVHKAVLTIDEKGTEAAGAMFLEAIPMSIPPEVKFNKPFVFLMIEQNTKSPLFMGKVVNPTQK,Alpha-1-antitrypsin
3MBP,P0AEX9,MKIKTGARILALSALTTMMFSASALAKIEEGKLVIWINGDKGYNGLAEVGKKFEKDTGIKVTVEHPDKLEEKFPQVAATGDGPDIIFWAHDRFGGYAQSGLLAEITPDKAFQDKLYPFTWDAVRYNGKLIAYPIAVEALSLIYNKDLLPNPPKTWEEIPALDKELKAKGKSALMFNLQEPYFTWPLIAADGGYAFKYENGKYDIKDVGVDNAGAKAGLTFLVDLIKNKHMNADTDYSIAEAAFNKGETAMTINGPWAWSNIDTSKVNYGVTVLPTFKGQPSKPFVGVLSAGINAASPNKELAKEFLENYLLTDEGLEAVNKDKPLGAVALKSYEEELAKDPRIAATMENAQKGEIMPNIPQMSAFWYAVRTAVINAASGRQTVDEALKDAQTRITK,Maltose/maltodextrin-binding periplasmic protein
1AG2,P04925,MANLGYWLLALFVTMWTDVGLCKKRPKPGGWNTGGSRYPGQGSPGGNRYPPQGGTWGQPHGGGWGQPHGGSWGQPHGGSWGQPHGGGWGQGGGTHNQWNKPSKPKTNLKHVAGAAAAGAVVGGLGGYMLGSAMSRPMIHFGNDWEDRYYRENMYRYPNQVYYRPVDQYSNQNNFVHDCVNITIKQHTVTTTTKGENFTETDVKMMERVVEQMCVTQYQKESQAYYDGRRSSSTVLFSSPPVILLISFLIFLIVG,Major prion protein
2ABD,P07107,MSQAEFDKAAEEVKHLKTKPADEEMLFIYSHYKQATVGDINTERPGMLDFKGKAKWDAWNELKGTSKEDAMKAYIDKVEELKKKYGI,Acyl-CoA-binding protein
451C,P00099,MKPYALLSLLATGTLLAQGAWAEDPEVLFKNKGCVACHAIDTKMVGPAYKDVAAKFAGQAGAEAELAQRIKNGSQGVWGPIPMPPNAVSDDEAQTLAKWVLSQK,Cytochrome c-551
1TTG,P02751,MLRGPGPGLLLLAVQCLGTAVPSTGASKSKRQAQQMVQPQSPVAVSQSKPGCYDNGKHYQINQQWERTYLGNALVCTCYGGSRGFNCESKPEAEETCFDKYTGNTYRVGDTYERPKDSMIWDCTCIGAGRGRISCTIANRCHEGGQSYKIGDTWRRPHETGGYMLECVCLGNGKGEWTCKPIAEKCFDHAAGTSYVVGETWEKPYQGWMMVDCTCLGEGSGRITCTSRNRCNDQDTRTSYRIGDTWSKKDNRGNLLQCICTGNGRGEWKCERHTSVQTTSSGSGPFTDVRAAVYQPQPHPQPPPYGHCVTDSGVVYSVGMQWLKTQGNKQMLCTCLGNGVSCQETAVTQTYGGNSNGEPCVLPFTYNGRTFYSCTTEGRQDGHLWCSTTSNYEQDQKYSFCTDHTVLVQTRGGNSNGALCHFPFLYNNHNYTDCTSEGRRDNMKWCGTTQNYDADQKFGFCPMAAHEEICTTNEGVMYRIGDQWDKQHDMGHMMRCTCVGNGRGEWTCIAYSQLRDQCIVDDITYNVNDTFHKRHEEGHMLNCTCFGQGRGRWKCDPVDQCQDSETGTFYQIGDSWEKYVHGVRYQCYCYGRGIGEWHCQPLQTYPSSSGPVEVFITETPSQPNSHPIQWNAPQPSHISKYILRWRPKNSVGRWKEATIPGHLNSYTIKGLKPGVVYEGQLISIQQYGHQEVTRFDFTTTSTSTPVTSNTVTGETTPFSPLVATSESVTEITASSFVVSWVSASDTVSGFRVEYELSEEGDEPQYLDLPSTATSVNIPDLLPGRKYIVNVYQISEDGEQSLILSTSQTTAPDAPPDTTVDQVDDTSIVVRWSRPQAPITGYRIVYSPSVEGSSTELNLPETANSVTLSDLQPGVQYNITIYAVEENQESTPVVIQQETTGTPRSDTVPSPRDLQFVEVTDVKVTIMWTPPESAVTGYRVDVIPVNLPGEHGQRLPISRNTFAEVTGLSPGVTYYFKVFAVSHGRESKPLTAQQTTKLDAPTNLQFVNETDSTVLVRWTPPRAQITGYRLTVGLTRRGQPRQYNVGPSVSKYPLRNLQPASEYTVSLVAIKGNQESPKATGVFTTLQPGSSIPPYNTEVTETTIVITWTPAPRIGFKLGVRPSQGGEAPREVTSDSGSIVVSGLTPGVEYVYTIQVLRDGQERDAPIVNKVVTPLSPPTNLHLEANPDTGVLTVSWERSTTPDITGYRITTTPTNGQQGNSLEEVVHADQSSCTFDNLSPGLEYNVSVYTVKDDKESVPISDTIIPEVPQLTDLSFVDITDSSIGLRWTPLNSSTIIGYRITVVAAGEGIPIFEDFVDSSVGYYTVTGLEPGIDYDISVITLINGGESAPTTLTQQTAVPPPTDLRFTNIGPDTMRVTWAPPPSIDLTNFLVRYSPVKNEEDVAELSISPSDNAVVLTNLLPGTEYVVSVSSVYEQHESTPLRGRQKTGLDSPTGIDFSDITANSFTVHWIAPRATITGYRIRHHPEHFSGRPREDRVPHSRNSITLTNLTPGTEYVVSIVALNGREESPLLIGQQSTVSDVPRDLEVVAATPTSLLISWDAPAVTVRYYRITYGETGGNSPVQEFTVPGSKSTATISGLKPGVDYTITVYAVTGRGDSPASSKPISINYRTEIDKPSQMQVTDVQDNSISVKWLPSSSPVTGYRVTTTPKNGPGPTKTKTAGPDQTEMTIEGLQPTVEYVVSVYAQNPSGESQPLVQTAVTNIDRPKGLAFTDVDVDSIKIAWESPQGQVSRYRVTYSSPEDGIHELFPAPDGEEDTAELQGLRPGSEYTVSVVALHDDMESQPLIGTQSTAIPAPTDLKFTQVTPTSLSAQWTPPNVQLTGYRVRVTPKEKTGPMKEINLAPDSSSVVVSGLMVATKYEVSVYALKDTLTSRPAQGVVTTLENVSPPRRARVTDATETTITISWRTKTETITGFQVDAVPANGQTPIQRTIKPDVRSYTITGLQPGTDYKIYLYTLNDNARSSPVVIDASTAIDAPSNLRFLATTPNSLLVSWQPPRARITGYIIKYEKPGSPPREVVPRPRPGVTEATITGLEPGTEYTIYVIALKNNQKSEPLIGRKKTDELPQLVTLPHPNLHGPEILDVPSTVQKTPFVTHPGYDTGNGIQLPGTSGQQPSVGQQMIFEEHGFRRTTPPTTATPIRHRPRPYPPNVGEEIQIGHIPREDVDYHLYPHGPGLNPNASTGQEALSQTTISWAPFQDTSEYIISCHPVGTDEEPLQFRVPGTSTSATLTGLTRGATYNVIVEALKDQQRHKVREEVVTVGNSVNEGLNQPTDDSCFDPYTVSHYAVGDEWERMSESGFKLLCQCLGFGSGHFRCDSSRWCHDNGVNYKIGEKWDRQGENGQMMSCTCLGNGKGEFKCDPHEATCYDDGKTYHVGEQWQKEYLGAICSCTCFGGQRGWRCDNCRRPGGEPSPEGTTGQSYNQYSQRYHQRTNTNVNCPIECFMPLDVQADREDSRE,Fibronectin
1TEN,P24821,MGAMTQLLAGVFLAFLALATEGGVLKKVIRHKRQSGVNATLPEENQPVVFNHVYNIKLPVGSQCSVDLESASGEKDLAPPSEPSESFQEHTVDGENQIVFTHRINIPRRACGCAAAPDVKELLSRLEELENLVSSLREQCTAGAGCCLQPATGRLDTRPFCSGRGNFSTEGCGCVCEPGWKGPNCSEPECPGNCHLRGRCIDGQCICDDGFTGEDCSQLACPSDCNDQGKCVNGVCICFEGYAGADCSREICPVPCSEEHGTCVDGLCVCHDGFAGDDCNKPLCLNNCYNRGRCVENECVCDEGFTGEDCSELICPNDCFDRGRCINGTCYCEEGFTGEDCGKPTCPHACHTQGRCEEGQCVCDEGFAGVDCSEKRCPADCHNRGRCVDGRCECDDGFTGADCGELKCPNGCSGHGRCVNGQCVCDEGYTGEDCSQLRCPNDCHSRGRCVEGKCVCEQGFKGYDCSDMSCPNDCHQHGRCVNGMCVCDDGYTGEDCRDRQCPRDCSNRGLCVDGQCVCEDGFTGPDCAELSCPNDCHGQGRCVNGQCVCHEGFMGKDCKEQRCPSDCHGQGRCVDGQCICHEGFTGLDCGQHSCPSDCNNLGQCVSGRCICNEGYSGEDCSEVSPPKDLVVTEVTEETVNLAWDNEMRVTEYLVVYTPTHEGGLEMQFRVPGDQTSTIIQELEPGVEYFIRVFAILENKKSIPVSARVATYLPAPEGLKFKSIKETSVEVEWDPLDIAFETWEIIFRNMNKEDEGEITKSLRRPETSYRQTGLAPGQEYEISLHIVKNNTRGPGLKRVTTTRLDAPSQIEVKDVTDTTALITWFKPLAEIDGIELTYGIKDVPGDRTTIDLTEDENQYSIGNLKPDTEYEVSLISRRGDMSSNPAKETFTTGLDAPRNLRRVSQTDNSITLEWRNGKAAIDSYRIKYAPISGGDHAEVDVPKSQQATTKTTLTGLRPGTEYGIGVSAVKEDKESNPATINAATELDTPKDLQVSETAETSLTLLWKTPLAKFDRYRLNYSLPTGQWVGVQLPRNTTSYVLRGLEPGQEYNVLLTAEKGRHKSKPARVKASTEQAPELENLTVTEVGWDGLRLNWTAADQAYEHFIIQVQEANKVEAARNLTVPGSLRAVDIPGLKAATPYTVSIYGVIQGYRTPVLSAEASTGETPNLGEVVVAEVGWDALKLNWTAPEGAYEYFFIQVQEADTVEAAQNLTVPGGLRSTDLPGLKAATHYTITIRGVTQDFSTTPLSVEVLTEEVPDMGNLTVTEVSWDALRLNWTTPDGTYDQFTIQVQEADQVEEAHNLTVPGSLRSMEIPGLRAGTPYTVTLHGEVRGHSTRPLAVEVVTEDLPQLGDLAVSEVGWDGLRLNWTAADNAYEHFVIQVQEVNKVEAAQNLTLPGSLRAVDIPGLEAATPYRVSIYGVIRGYRTPVLSAEASTAKEPEIGNLNVSDITPESFNLSWMATDGIFETFTIEIIDSNRLLETVEYNISGAERTAHISGLPPSTDFIVYLSGLAPSIRTKTISATATTEALPLLENLTISDINPYGFTVSWMASENAFDSFLVTVVDSGKLLDPQEFTLSGTQRKLELRGLITGIGYEVMVSGFTQGHQTKPLRAEIVTEAEPEVDNLLVSDATPDGFRLSWTADEGVFDNFVLKIRDTKKQSEPLEITLLAPERTRDITGLREATEYEIELYGISKGRRSQTVSAIATTAMGSPKEVIFSDITENSATVSWRAPTAQVESFRITYVPITGGTPSMVTVDGTKTQTRLVKLIPGVEYLVSIIAMKGFEESEPVSGSFTTALDGPSGLVTANITDSEALARWQPAIATVDSYVISYTGEKVPEITRTVSGNTVEYALTDLEPATEYTLRIFAEKGPQKSSTITAKFTTDLDSPRDLTATEVQSETALLTWRPPRASVTGYLLVYESVDGTVKEVIVGPDTTSYSLADLSPSTHYTAKIQALNGPLRSNMIQTIFTTIGLLYPFPKDCSQAMLNGDTTSGLYTIYLNGDKAEALEVFCDMTSDGGGWIVFLRRKNGRENFYQNWKAYAAGFGDRREEFWLGLDNLNKITAQGQYELRVDLRDHGETAFAVYDKFSVGDAKTRYKLKVEGYSGTAGDSMAYHNGRSFSTFDKDTDSAITNCALSYKGAFWYRNCHRVNLMGRYGDNNHSQGVNWFHWKGHEHSIQFAEMKLRPSNFRNLEGRRKRA,Tenascin
2HPR,P08877,MAQKTFKVTADSGIHARPATVLVQTASKYDADVNLEYNGKTVNLKSIMGVMSLGIAKGAEITISASGADENDALNALEETMKSEGLGE,Phosphocarrier protein HPr
1EL1,P81708,KIFSKCELARKLKSMGMDGFHGYSLANWVCMAEYESNFNTQAFNGRNSNGSSDYGIFQLNSKWWCKSNSHSSANACNIMCSKFLDDNIDDDIACAKRVVKDPNGMSAWVAWVKHCKGKDLSKYLASCNL,"Lysozyme C, milk isozyme"
1SUP,P00782,MRGKKVWISLLFALALIFTMAFGSTSSAQAAGKSNGEKKYIVGFKQTMSTMSAAKKKDVISEKGGKVQKQFKYVDAASATLNEKAVKELKKDPSVAYVEEDHVAHAYAQSVPYGVSQIKAPALHSQGYTGSNVKVAVIDSGIDSSHPDLKVAGGASMVPSETNPFQDNNSHGTHVAGTVAALNNSIGVLGVAPSASLYAVKVLGADGSGQYSWIINGIEWAIANNMDVINMSLGGPSGSAALKAAVDKAVASGVVVVAAAGNEGTSGSSSTVGYPGKYPSVIAVGAVDSSNQRASFSSVGPELDVMAPGVSIQSTLPGNKYGAYNGTSMASPHVAGAAALILSKHPNWTNTQVRSSLENTTTKLGDSFYYGKGLINVQAAAQ,Subtilisin BPN'
1TPK,P00750,MDAMKRGLCCVLLLCGAVFVSPSQEIHARFRRGARSYQVICRDEKTQMIYQQHQSWLRPVLRSNRVEYCWCNSGRAQCHSVPVKSCSEPRCFNGGTCQQALYFSDFVCQCPEGFAGKCCEIDTRATCYEDQGISYRGTWSTAESGAECTNWNSSALAQKPYSGRRPDAIRLGLGNHNYCRNPDRDSKPWCYVFKAGKYSSEFCSTPACSEGNSDCYFGNGSAYRGTHSLTESGASCLPWNSMILIGKVYTAQNPSAQALGLGKHNYCRNPDGDAKPWCHVLKNRRLTWEYCDVPSCSTCGLRQYSQPQFRIKGGLFADIASHPWQAAIFAKHRRSPGERFLCGGILISSCWILSAAHCFQERFPPHHLTVILGRTYRVVPGEEEQKFEVEKYIVHKEFDDDTYDNDIALLQLKSDSSRCAQESSVVRTVCLPPADLQLPDWTECELSGYGKHEALSPFYSERLKEAHVRLYPSSRCTSQHLLNRTVTDNMLCAGDTRSGGPQANLHDACQGDSGGPLVCLNDGRMTLVGIISWGLGCGQKDVPGVYTKVTNYLDWIRDNMRP,Tissue-type plasminogen activator
1C5G,P05121,MQMSPALTCLVLGLALVFGEGSAVHHPPSYVAHLASDFGVRVFQQVAQASKDRNVVFSPYGVASVLAMLQLTTGGETQQQIQAAMGFKIDDKGMAPALRHLYKELMGPWNKDEISTTDAIFVQRDLKLVQGFMPHFFRLFRSTVKQVDFSEVERARFIINDWVKTHTKGMISNLLGKGAVDQLTRLVLVNALYFNGQWKTPFPDSSTHRRLFHKSDGSTVSVPMMAQTNKFNYTEFTTPDGHYYDILELPYHGDTLSMFIAAPYEKEVPLSALTNILSAQLISHWKGNMTRLPRLLVLPKFSLETEVDLRKPLENLGMTDMFRQFQADFTSLSDQEPLHVAQALQKVKIEVNESGTVASSSTAVIVSARMAPEEIIMDRPFLFVVRHNPTGTVLFMGQVMEP,Plasminogen activator inhibitor 1
1A5E,P42771,MEPAAGSSMEPSADWLATAAARGRVEEVRALLEAGALPNAPNSYGRRPIQVMMMGSARVAELLLLHGAEPNCADPATLTRPVHDAAREGFLDTLVVLHRAGARLDVRDAWGRLPVDLAEELGHRDVARYLRAAAGGTRGSNHARIDAAEGPSDIPD,Cyclin-dependent kinase inhibitor 2A
1KFW,Q9REI6,MSEKIKRPRRLTKLWAAVAAGTMVAGLAGGVGALGANAAPPNTAADGPLTSTVNGYRNVGYFAQWGVYGRAFQAKQLDVSGTAKNLTHINYSFGNINNQTLTCFMANKAQGTGPNGSDGAGDAWADFGMGYAADKSVSGKADTWEYPLAGSFNQLKQLKAKNPKLKVMISLGGWTWSKNFSKAAATEQSRQKLVSSCIDLYIKGNLPNFEGRGGAGAAAGIFDGIDIDWEWPGTNSGLEGNGVDTFNDRANFKALLAEFRKQLDAYGSTNNKKYVLSAFLPANPADIDAGGWDDPANFKSLDFGSIQGYDLHGAWNPTLTGHQANLYDDPADPREPSKKFSADKAVKKYLAAGIDPKQLGLGLAAYGRGWTGAKNVSPWGPATDGAPGTYEKANEDYDKLKTLGTDHYDAATGSAWRYDGTQWWSYDNIATTKQKTDYIVSKGLGGGMWWELSGDRNGELVGAMSDKFRAAAPGPVTEAAPPSTTNPTPTPTPTPTTAPTPTPTPTPTTTPTVTPTTPPTTPPAGSGCAAPWSATATYLGGSKVSHGGISYKAKWWTLNEKPGASQWGPWEATGACN,Chitinase
1HME,P63159,MGKGDPKKPRGKMSSYAFFVQTCREEHKKKHPDASVNFSEFSKKCSERWKTMSAKEKGKFEDMAKADKARYEREMKTYIPPKGETKKKFKDPNAPKRPPSAFFLFCSEYRPKIKGEHPGLSIGDVAKKLGEMWNNTAADDKQPYEKKAAKLKEKYEKDIAAYRAKGKPDAAKKGVVKAEKSKKKKEEEDDEEDEEDEEEEEEEEDEDEEEDDDDE,High mobility group protein B1
2A36,Q08012,MEAIAKHDFSATADDELSFRKTQILKILNMEDDSNWYRAELDGKEGLIPSNYIEMKNHDWYYGRITRADAEKLLSNKHEGAFLIRISESSPGDFSLSVKCPDGVQHFKVLRDAQSKFFLWVVKFNSLNELVEYHRTASVSRSQDVKLRDMIPEEMLVQALYDFVPQESGELDFRRGDVITVTDRSDENWWNGEIGNRKGIFPATYVTPYHS,Growth factor receptor-bound protein 2
1YU5,P02640,MVELSKKVTGKLDKTTPGIQIWRIENMEMVPVPTKSYGNFYEGDCYVLLSTRKTGSGFSYNIHYWLGKNSSQDEQGAAAIYTTQMDEYLGSVAVQHREVQGHESETFRAYFKQGLIYKQGGVASGMKHVETNTYNVQRLLHVKGKKNVVAAEVEMSWKSFNLGDVFLLDLGQLIIQWNGPESNRAERLRAMTLAKDIRDRERAGRAKVGVVEGENEAASPELMQALTHVLGEKKNIKAATPDEQVHQALNSALKLYHVSDASGNLVIQEVAIRPLTQDMLQHEDCYILDQAGLKIFVWKGKNANKEEKQQAMSRALGFIKAKNYLASTSVETENDGSESAVFRQLFQKWTVPNQTSGLGKTHTVGKVAKVEQVKFDATTMHVKPEVAAQQKMVDDGSGEAEVWRVENQELVPVEKRWLGHFYGGDCYLVLYTYYVGPKVNRIIYIWQGRHASTDELAASAYQAVFLDQKYNNEPVQVRVTMGKEPAHLMAIFKGKMVVYENGSSRAGGTEPASSTRLFHVHGTNEYNTKAFEVPVRAASLNSNDVFVLKTPSSCYLWYGKGCSGDEREMGKMVADIISKTEKPVVAEGQEPPEFWVALGGKTSYANSKRLQEENPSVPPRLFECSNKTGRFLATEIVDFTQDDLDENDVYLLDTWDQIFFWIGKGANESEKEAAAETAQEYLRSHPGSRDLDTPIIVVKQGFEPPTFTGWFMAWDPLCWSDRKSYDELKAELGDNASIGQLVSGLTSKNEVFTATTTLVPTKLETFPLDVLVNTAAEDLPRGVDPSRKENHLSDEDFKAVFGMTRSAFANLPLWKQQNLKKEKGLF,Villin-1
1H7M,P29160,MVDFAFELRKAQDTGKIVMGARKSIQYAKMGGAKLIIVARNARPDIKEDIEYYARLSGIPVYEFEGTSVELGTLLGRPHTVSALAVVDPGESRILALGGKE,50S ribosomal protein L30e
1UZC,Q9H782,MRPGTGAERGGLMVSEMESHPPSQGPGDGERRLSGSSLCSGSWVSADGFLRRRPSMGHPGMHYAPMGMHPMGQRANMPPVPHGMMPQMMPPMGGPPMGQMPGMMSSVMPGMMMSHMSQASMQPALPPGVNSMDVAAGTASGAKSMWTEHKSPDGRTYYYNTETKQSTWEKPDDLKTPAEQLLSKCPWKEYKSDSGKPYYYNSQTKESRWAKPKELEDLEGYQNTIVAGSLITKSNLHAMIKAEESSKQEECTTTSTAPVPTTEIPTTMSTMAAAEAAAAVVAAAAAAAAAAAAANANASTSASNTVSGTVPVVPEPEVTSIVATVVDNENTVTISTEEQAQLTSTPAIQDQSVEVSSNTGEETSKQETVADFTPKKEEEESQPAKKTYTWNTKEEAKQAFKELLKEKRVPSNASWEQAMKMIINDPRYSALAKLSEKKQAFNAYKVQTEKEEKEEARSKYKEAKESFQRFLENHEKMTSTTRYKKAEQMFGEMEVWNAISERDRLEIYEDVLFFLSKKEKEQAKQLRKRNWEALKNILDNMANVTYSTTWSEAQQYLMDNPTFAEDEELQNMDKEDALICFEEHIRALEKEEEEEKQKSLLRERRRQRKNRESFQIFLDELHEHGQLHSMSSWMELYPTISSDIRFTNMLGQPGSTALDLFKFYVEDLKARYHDEKKIIKDILKDKGFVVEVNTTFEDFVAIISSTKRSTTLDAGNIKLAFNSLLEKAEAREREREKEEARKMKRKESAFKSMLKQAAPPIELDAVWEDIRERFVKEPAFEDITLESERKRIFKDFMHVLEHECQHHHSKNKKHSKKSKKHHRKRSRSRSGSDSDDDDSHSKKKRQRSESRSASEHSSSAESERSYKKSKKHKKKSKKRRHKSDSPESDAEREKDKKEKDRESEKDRTRQRSESKHKSPKKKTGKDSGNWDTSGSELSEGELEKRRRTLLEQLDDDQ,Pre-mRNA-processing factor 40 homolog A
1HK0,P07320,MGKITLYEDRGFQGRHYECSSDHPNLQPYLSRCNSARVDSGCWMLYEQPNYSGLQYFLRRGDYADHQQWMGLSDSVRSCRLIPHSGSHRIRLYEREDYRGQMIEFTEDCSCLQDRFRFNEIHSLNVLEGSWVLYELSNYRGRQYLLMPGDYRRYQDWGATNARVGSLRRVIDFS,Gamma-crystallin D
1IO2,O74035,MKIAGIDEAGRGPVIGPMVIAAVVVDENSLPKLEELKVRDSKKLTPKRREKLFNEILGVLDDYVILELPPDVIGSREGTLNEFEVENFAKALNSLKVKPDVIYADAADVDEERFARELGERLNFEAEVVAKHKADDIFPVVSAASILAKVTRDRAVEKLKEEYGEIGSGYPSDPRTRAFLENYYREHGEFPPIVRKGWKTLKKIAEKVESEKKAEERQATLDRYFRKV,Ribonuclease HII
1MSI,P19614,NQASVVANQLIPINTALTLVMMRSEVVTPVGIPAEDIPRLVSMQVNRAVPLGTTLMPDMVKGYPPA,Type-3 ice-structuring protein HPLC 12
4BLM,P00808,MKLWFSTLKLKKAAAVLLFSCVALAGCANNQTNASQPAEKNEKTEMKDDFAKLEEQFDAKLGIFALDTGTNRTVAYRPDERFAFASTIKALTVGVLLQQKSIEDLNQRITYTRDDLVNYNPITEKHVDTGMTLKELADASLRYSDNAAQNLILKQIGGPESLKKELRKIGDEVTNPERFEPELNEVNPGETQDTSTARALVTSLRAFALEDKLPSEKRELLIDWMKRNTTGDALIRAGVPDGWEVADKTGAASYGTRNDIAIIWPPKGDPVVLAVLSSRDKKDAKYDDKLIAEATKVVMKALNMNGK,Beta-lactamase
2Q98,P01236,MNIKGSPWKGSLLLLLVSNLLLCQSVAPLPICPGGAARCQVTLRDLFDRAVVLSHYIHNLSSEMFSEFDKRYTHGRGFITKAINSCHTSSLATPEDKEQAQQMNQKDFLSLIVSILRSWNEPLYHLVTEVRGMQEAPEAILSKAVEIEEQTKRLLEGMELIVSQVHPETKENEIYPVWSGLPSLQMADEESRLSAYYNLLHCLRRDSHKIDNYLKLLKCRIIHNNNC,Prolactin
1QJP,P0A910,MKKTAIAIAVALAGFATVAQAAPKDNTWYTGAKLGWSQYHDTGFINNNGPTHENQLGAGAFGGYQVNPYVGFEMGYDWLGRMPYKGSVENGAYKAQGVQLTAKLGYPITDDLDIYTRLGGMVWRADTKSNVYGKNHDTGVSPVFAGGVEYAITPEIATRLEYQWTNNIGDAHTIGTRPDNGMLSLGVSYRFGQGEAAPVVAPAPAPAPEVQTKHFTLKSDVLFNFNKATLKPEGQAALDQLYSQLSNLDPKDGSVVVLGYTDRIGSDAYNQGLSERRAQSVVDYLISKGIPADKISARGMGESNPVTGNTCDNVKQRAALIDCLAPDRRVEIEVKGIKDVVTQPQA,Outer membrane protein A
1THQ,P37001,MNVSKYVAIFSFVFIQLISVGKVFANADEWMTTFRENIAQTWQQPEHYDLYIPAITWHARFAYDKEKTDRYNERPWGGGFGLSRWDEKGNWHGLYAMAFKDSWNKWEPIAGYGWESTWRPLADENFHLGLGFTAGVTARDNWNYIPLPVLLPLASVGYGPVTFQMTYIPGTYNNGNVYFAWMRFQF,Lipid A palmitoyltransferase PagP
1AQH,P29957,MKLNKIITTAGLSLGLLLPSIATATPTTFVHLFEWNWQDVAQECEQYLGPKGYAAVQVSPPNEHITGSQWWTRYQPVSYELQSRGGNRAQFIDMVNRCSAAGVDIYVDTLINHMAAGSGTGTAGNSFGNKSFPIYSPQDFHESCTINNSDYGNDRYRVQNCELVGLADLDTASNYVQNTIAAYINDLQAIGVKGFRFDASKHVAASDIQSLMAKVNGSPVVFQEVIDQGGEAVGASEYLSTGLVTEFKYSTELGNTFRNGSLAWLSNFGEGWGFMPSSSAVVFVDNHDNQRGHGGAGNVITFEDGRLYDLANVFMLAYPYGYPKVMSSYDFHGDTDAGGPNVPVHNNGNLECFASNWKCEHRWSYIAGGVDFRNNTADNWAVTNWWDNTNNQISFGRGSSGHMAINKEDSTLTATVQTDMASGQYCNVLKGELSADAKSCSGEVITVNSDGTINLNIGAWDAMAIHKNAKLNTSSASSTESDWQRTVIFINAQTQSGQDMFIRGGIDHAYANANLGRNCQTSNFECAMPIRHNNLKNVTTSPWKANDNYLDWYGIENGQSSEAEGSATDWTTNVWPAGWGAEKTVNTDGFGVTPLNIWGEHYWMLDVDMDCSKAVNGWFELKAFIKNGQGWETAIAQDNAPYTSTNHMAQCGKINKFEFNNSGVVIRSF,Alpha-amylase
1BCX,P09850,MFKFKKNFLVGLSAALMSISLFSATASAASTDYWQNWTDGGGIVNAVNGSGGNYSVNWSNTGNFVVGKGWTTGSPFRTINYNAGVWAPNGNGYLTLYGWTRSPLIEYYVVDSWGTYRPTGTYKGTVKSDGGTYDIYTTTRYNAPSIDGDRTTFTQYWSVRQSKRPTGSNATITFTNHVNAWKSHGMNLGSNWAYQVMATEGYQSSGSSNVTVW,"Endo-1,4-beta-xylanase"
1SSO,P61991,MATVKFKYKGEEKQVDISKIKKVWRVGKMISFTYDEGGGKTGRGAVSEKDAPKELLQMLEKQKK,DNA-binding protein 7a
1W3D,P11961,MAFEFKLPDIGEGIHEGEIVKWFVKPGDEVNEDDVLCEVQNDKAVVEIPSPVKGKVLEILVPEGTVATVGQTLITLDAPGYENMTFKGQEQEEAKKEEKTETVSKEEKVDAVAPNAPAAEAEAGPNRRVIAMPSVRKYAREKGVDIRLVQGTGKNGRVLKEDIDAFLAGGAKPAPAAAEEKAAPAAAKPATTEGEFPETREKMSGIRRAIAKAMVHSKHTAPHVTLMDEADVTKLVAHRKKFKAIAAEKGIKLTFLPYVVKALVSALREYPVLNTSIDDETEEIIQKHYYNIGIAADTDRGLLVPVIKHADRKPIFALAQEINELAEKARDGKLTPGEMKGASCTITNIGSAGGQWFTPVINHPEVAILGIGRIAEKPIVRDGEIVAAPMLALSLSFDHRMIDGATAQKALNHIKRLLSDPELLLMEA,Dihydrolipoyllysine-residue acetyltransferase component of pyruvate dehydrogenase complex
1HGU,P01241,MATGSRTSLLLAFGLLCLPWLQEGSAFPTIPLSRLFDNAMLRAHRLHQLAFDTYQEFEEAYIPKEQKYSFLQNPQTSLCFSESIPTPSNREETQQKSNLELLRISLLLIQSWLEPVQFLRSVFANSLVYGASDSNVYDLLKDLEEGIQTLMGRLEDGSPRTGQIFKQTYSKFDTNSHNDDALLKNYGLLYCFRKDMDKVETFLRIVQCRSVEGSCGF,Somatotropin
2CHF,P0A2D5,MADKELKFLVVDDFSTMRRIVRNLLKELGFNNVEEAEDGVDALNKLQAGGFGFIISDWNMPNMDGLELLKTIRADSAMSALPVLMVTAEAKKENIIAAAQAGASGYVVKPFTAATLEEKLNKIFEKLGM,Chemotaxis protein CheY
1FMK,P12931,MGSNKSKPKDASQRRRSLEPAENVHGAGGGAFPASQTPSKPASADGHRGPSAAFAPAAAEPKLFGGFNSSDTVTSPQRAGPLAGGVTTFVALYDYESRTETDLSFKKGERLQIVNNTEGDWWLAHSLSTGQTGYIPSNYVAPSDSIQAEEWYFGKITRRESERLLLNAENPRGTFLVRESETTKGAYCLSVSDFDNAKGLNVKHYKIRKLDSGGFYITSRTQFNSLQQLVAYYSKHADGLCHRLTTVCPTSKPQTQGLAKDAWEIPRESLRLEVKLGQGCFGEVWMGTWNGTTRVAIKTLKPGTMSPEAFLQEAQVMKKLRHEKLVQLYAVVSEEPIYIVTEYMSKGSLLDFLKGETGKYLRLPQLVDMAAQIASGMAYVERMNYVHRDLRAANILVGENLVCKVADFGLARLIEDNEYTARQGAKFPIKWTAPEAALYGRFTIKSDVWSFGILLTELTTKGRVPYPGMVNREVLDQVERGYRMPCPPECPESLHDLMCQCWRKEPEERPTFEYLQAFLEDYFTSTEPQYQPGENL,Proto-oncogene tyrosine-protein kinase Src
1APS,P00818,MSTARPLKSVDYEVFGRVQGVCFRMYAEDEARKIGVVGWVKNTSKGTVTGQVQGPEEKVNSMKSWLSKVGSPSSRIDRTNFSNEKTISKLEYSNFSVRY,Acylphosphatase-2
1KCQ,P06396,MAPHRPAPALLCALSLALCALSLPVRAATASRGASQAGAPQGRVPEARPNSMVVEHPEFLKAGKEPGLQIWRVEKFDLVPVPTNLYGDFFTGDAYVILKTVQLRNGNLQYDLHYWLGNECSQDESGAAAIFTVQLDDYLNGRAVQHREVQGFESATFLGYFKSGLKYKKGGVASGFKHVVPNEVVVQRLFQVKGRRVVRATEVPVSWESFNNGDCFILDLGNNIHQWCGSNSNRYERLKATQVSKGIRDNERSGRARVHVSEEGTEPEAMLQVLGPKPALPAGTEDTAKEDAANRKLAKLYKVSNGAGTMSVSLVADENPFAQGALKSEDCFILDHGKDGKIFVWKGKQANTEERKAALKTASDFITKMDYPKQTQVSVLPEGGETPLFKQFFKNWRDPDQTDGLGLSYLSSHIANVERVPFDAATLHTSTAMAAQHGMDDDGTGQKQIWRIEGSNKVPVDPATYGQFYGGDSYIILYNYRHGGRQGQIIYNWQGAQSTQDEVAASAILTAQLDEELGGTPVQSRVVQGKEPAHLMSLFGGKPMIIYKGGTSREGGQTAPASTRLFQVRANSAGATRAVEVLPKAGALNSNDAFVLKTPSAAYLWVGTGASEAEKTGAQELLRVLRAQPVQVAEGSEPDGFWEALGGKAAYRTSPRLKDKKMDAHPPRLFACSNKIGRFVIEEVPGELMQEDLATDDVMLLDTWDQVFVWVGKDSQEEEKTEALTSAKRYIETDPANRDRRTPITVVKQGFEPPSFVGWFLGWDDDYWSVDPLDRAMAELAA,Gelsolin
2DRI,P02925,MNMKKLATLVSAVALSATVSANAMAKDTIALVVSTLNNPFFVSLKDGAQKEADKLGYNLVVLDSQNNPAKELANVQDLTVRGTKILLINPTDSDAVGNAVKMANQANIPVITLDRQATKGEVVSHIASDNVLGGKIAGDYIAKKAGEGAKVIELQGIAGTSAARERGEGFQQAVAAHKFNVLASQPADFDRIKGLNVMQNLLTAHPDVQAVFAQNDEMALGALRALQTAGKSDVMVVGFDGTPDGEKAVNDGKLAATIAQLPDQIGAKGVETADKVLKGEKVQAKYPVDLKLVVKQ,Ribose import binding protein RbsB
