WT_name,pdb_id,uniprot_id,wt_seq,protein_name,blast_identity,blast_coverage
1A32.pdb,1A32,P05766,SPEVQIAILTEQINNLNEHLRVHKKDHHSRRGLLKMVGKRRRLLAYLRNKDVARYREIVEKLG,1A32.pdb,,
1AOY.pdb,1AOY,P0A6D0,QEELVKAFKALLKEEKFSSQGEIVAALQEQGFDNINQSKVSRMLTKFGAVRTRNAKMEMVYCLPAELGV,1AOY.pdb,,
1E0L.pdb,1E0L,Q8CGF7,GATAVSEWTEYKTADGKTYYYNNRTLESTWEKPQELK,1E0L.pdb,,
1E6H.pdb,1E6H,P07751,DETGKELVLVLYDYQEKSPREVTIKKGDILTLLNSTNKDWWKIEVNDRQGFVPAAYLKKLD,1E6H.pdb,,
1ENH.pdb,1ENH,P02836,AFSSEQLARLKREFNENRYLTERRRQQLSSELGLNEAQIKIWFQNKRA,1ENH.pdb,,
1F0M.pdb,1F0M,P29323,SFNTVDEWLEAIKMGQYKESFANAGFTSFDVVSQMMMEDILRVGVTLAGHQKKILNSIQVMRAQMN,1F0M.pdb,,
1GJS.pdb,1GJS,P19909,NSLAEAKVLANRELDKYGVSDYYKNLINNAKTVEGVKALIDEILA,1GJS.pdb,,
1GL5.pdb,1GL5,P24604,SEIVVAMYDFQATEAHDLRLERGQEYIILEKNDLHWWRARDKYGSEGYIPSNYVTGKK,1GL5.pdb,,
1H8K.pdb,1H8K,P07751,KELVLVLYDYQEKSPREVTVKKGDILTLLNSTNKDWWKVEVDDRQGFIPAAYLKKL,1H8K.pdb,,
1H92.pdb,1H92,P06239,DNLVIALHSYEPSHDGDLGFEKGEQLRILEQSGEWWKAQSLTTGQEGFIPFNFVAKA,1H92.pdb,,
1I2T.pdb,1I2T,O95071,HRQALGERLYPRVQAMQPAFASKITGMLLELSPAQLLLLLASEDSLRARVDEAMELII,1I2T.pdb,,
1IFY.pdb,1IFY,P54725,SEYETMLTEIMSMGYERERVVAALRASYNNPHRAVEYLLTGIPG,1IFY.pdb_wth,,
1JIC.pdb,1JIC,P39476,TVKFKYKGEEKQVDISKIKKVWRVGKMISFTYDEGGGKTGRGAVSEKDAPKELLQ,1JIC.pdb,,
1K1V.pdb,1K1V,O54790,LTDEELVTMSVRELNQHLRGLSKEEIIQLKQRRRTLKNRGY,1K1V.pdb,,
1LP1.pdb,1LP1,P38507,KFNKELSVAGREIVTLPNLNDPQKKAFIFSLWDDPSQSANLLAEAKKLNDAQAPK,1LP1.pdb,,
1O6X.pdb,1O6X,P48052,VGDQVLEIVPSNEEQIKNLLQLEAQEHLQLDFWKSPTTPGETAHVRVPFVNVQAVKVFLESQGIAYSIMIED,1O6X.pdb,,
1OPS.pdb,1OPS,P19608,SQSVVATQLIPMNTALTPAMMEGKVTNPIGIPFAEMSQLVGKQVNTPVAKGQTLMPNMVKTYA,1OPS.pdb,,
1ORC.pdb,1ORC,P03040,QRITLKDYAMRFGQTKTAKDLGVYQSAINKAIHAGRKIFLTINADGSVYAEEVKDGEVKPFPS,1ORC.pdb,,
1PV0.pdb,1PV0,Q7WY62,MRKLSDELLIESYFKATEMNLNRDFIELIENEIKRRSLGHIISV,1PV0.pdb,,
1PWT.pdb,1PWT,P07751,GKELVLALYDYQEKSPREVTMKKGDILTLLNSTNKDWWKVEVNDRQGFVPAAYVKKL,1PWT.pdb,,
1QKX.pdb,1QKX,P07751,KELVLALYDYQEKSPREVTMKKGDILTLLNSTNKDWWKVEVADRQGFVPAAYVKKL,1QKX.pdb,,
1QLY.pdb,1QLY,Q06187,LKKVVALYDYMPMNANDLQLRKGDEYFILEESNLPWWRARDKNGQEGYIPSNYVTEAE,1QLY.pdb,,
1R69.pdb,1R69,P16117,SISSRVKSKRIQLGLNQAELAQKVGTTQQSIEQLENGKTKRPRFLPELASALGVSVDWLLN,1R69.pdb,,
1SRM.pdb,1SRM,P00523,TFVALYDYESRTETDLSFKKGERLQIVNNTEGDWWLAHSLTTGQTGYIPSNYVAP,1SRM.pdb,,
1TG0.pdb,1TG0,P47068,EVPFKVVAQFPYKSDYEDDLNFEKDQEIIVTSVEDAEWYFGEYQDSNGDVIEGIFPKSFVAVQG,1TG0.pdb,,
1TUD.pdb,1TUD,P07751,RQGFVPAAYVKKLDSGTGKELVLALYDYQEKSPREVTMKKGDILTLLNSTNKDWWKVEVN,1TUD.pdb,,
1UFM.pdb,1UFM,O88544,SSGGSSILDRAVIEHNLLSASKLYNNITFEELGALLEIPAAKAEKIASQMITEGRMNGFIDQIDGIVHFETR,1UFM.pdb,,
1URF.pdb,1URF,Q16512,GIPATNLSRVAGLEKQLAIELKVKQGAENMIQTYSNGSTKDRKLLLTAQQMLQDSKTKIDIIRMQLRRALQ,1URF.pdb,,
1UZC.pdb,1UZC,O75400,TYTWNTKEEAKQAFKELLKEKRVPSNASWEQAMKMIINDPRYSALAKLSEKKQAFNAYKVQTE,1UZC.pdb,,
1VII.pdb,1VII,P02640,MLSDEDFKAVFGMTRSAFANLPLWKQQNLKKEKGLF,1VII.pdb,,
1W4F.pdb,1W4F,P11961,RVIAMPSVRKYAREKGVDIRLVQGTGKNGRVLKEDIDAWLA,1W4F.pdb,,
1W4G.pdb,1W4G,P11961,NRRVIAMPSVRKWAREKGVDIRLVQGTGKNGRVLKEDIDAFLAG,1W4G.pdb,,
1Y0M.pdb,1Y0M,P10686,KSAVKALFDYKAQREDELTFTKSAIIQNVEKQDGGWWRGDYGGKKQLWFPSNYVEEMI,1Y0M.pdb,,
1YP5.pdb,1YP5,Q04439,PMFEAAYDFPGSGSPSELPLKKGDVIYITREEPSGWSLGKLLDGSKEGWVPTAYMKP,1YP5.pdb,,
1YRF.pdb,1YRF,P02640,LSDEDFKAVFGMTRSAFANLPLWKQQHLKKEKGLF,1YRF.pdb,,
1YU5.pdb,1YU5,P02640,KLETFPLDVLVNTAAEDLPRGVDPSRKENHLSDEDFKAVFGMTRSAFANLPLWKQQNLKKEKGLF,1YU5.pdb,,
1ZHC.pdb,1ZHC,O25839,HEFRDEISVLKANNPHFDKIFEKHNQLDDDIKTAEQQNASDAEVSHMKKQKLKLKDEIHSMIIEYREK,1ZHC.pdb,,
1ZLM.pdb,1ZLM,Q92882,VKVFRALYTFEPRTPDELYFEEGDIIYITDMSDTNWWKGTSKGRTGLIPSNYVAEQ,1ZLM.pdb,,
2AMI.pdb,2AMI,P05434,GLTEEQKQEIREAFDLFDTDGSGTIDAKELKVAMRALGFEPKKEEIKKMISEIDKDGSGTIDFEEFLTMMTA,2AMI.pdb,,
2B88.pdb,2B88,Q70AB8,NKFNKELGWATWEIFNLPNLNGVQVKAFIDSLRDDPSQSANLLAEAKKLNDAQA,2B88.pdb,,
2B89.pdb,2B89,Q70AB8,KFNKERVIAIGEIMRLPNLNSLQVVAFINSLRDDPSQSANLLAEAKKLNDAQAP,2B89.pdb,,
2BTT.pdb,2BTT,P36006,KDPKFEAAYDFPGSGSSSELPLKKGDIVFISRDEPSGWSLAKLLDGSKEGWVPTAYMTPYK,2BTT.pdb,,
2CDT.pdb,2CDT,P07751,ELVLALYDYQEKSPREVTMKKGDILTLLNSTNKDWWKVEVNDRQGFVPASYVKKLD,2CDT.pdb,,
2CJJ.pdb,2CJJ,Q58FS3,PWSAKENKAFERALAVYDKDTPDRWANVARAVEGRTPEEVKKHYEILVEDIKYI,2CJJ.pdb,,
2D1U.pdb,2D1U,P13036,QVNIAPGSLDKALNQYAAHSGFTLSVDASLTRGKQSNGLHGDYDVESGLQQLLDGSGLQVKPLGNNSWTLEP,2D1U.pdb,,
2EXD.pdb,2EXD,O58204,TFELKGKVGKVVKIAEDHYLVEVEGDKWIAYSDEKLSLGDRVMVVDVDGLKLKVKRIP,2EXD.pdb,,
2GP8.pdb,2GP8,P26748,ITGDVSAANKDAIRKQMDAAASKGDVETYRKLKAKLKGIR,2GP8.pdb,,
2HBB.pdb,2HBB,P02417,MKVIFLKDVKGKGKKGEIKNVADGYANNFLFKQGLAIEATPANLKALE,2HBB.pdb,,
2JN4.pdb,2JN4,Q6N0Y6,MKVMIRKTATGHSAYVAKKDLEELIVEMENPALWGGKVTLANGWQLELPAMAADTPLPITVEARKL,2JN4.pdb,,
2JT1.pdb,2JT1,Q04822,SIVTKIISIVQERQNMDDGAPVKTRDIADAAGLSIYQVRLYLEQLHDVGVLEKVNAGKGVPGLWRLL,2JT1.pdb,,
2JTV.pdb,2JTV,Q6N4D8,MATADDFKLIRDIHSTGGRRQVFGSREQKPFEDLVDLGWLKRSSVDSRATHYQITERGTSAAL,2JTV.pdb,,
2JVD.pdb,2JVD,O31818,MISNAKIARINELAAKAKAGVITEEEKAEQQKLRQEYLK,2JVD.pdb,,
2JVG.pdb,2JVG,Q931F4,VRHDERVKSANDAISKLNEKDSIENRRLAQREVNKAPMDVKEHLQKQLDALVAQKD,2JVG.pdb,,
2JWT.pdb,2JWT,P02836,RTAFSSEQLARLKREFNENRYLTERRRQQLSSELGLNEAQIKIWFQNKRA,2JWT.pdb,,
2JZ2.pdb,2JZ2,P74795,MIFPGATVRVTNVDDTYYRFEGLVQRVSDGKAAVLFENGNWDKLVTFRLSELEAVK,2JZ2.pdb,,
2K2A.pdb,2K2A,Q868D4,ELREAFRLYDKEGNGYISTDVMREILAELDETLSSEDLDAMIDEIDADGSGTVDFEEFMGVMT,2K2A.pdb,,
2K5N.pdb,2K5N,Q6D6V0,MAMNGTITTWFKDKGFGFIKDENGDNRYFHVIKVANPDLIKKDAAVTFEPTTNNKGLSAYAVKVVPL,2K5N.pdb,,
2KCM.pdb,2KCM,Q8EG75,MKGKVVSYLAAKKYGFIQGDDGESYFLHFSELLDKKDEGKLVKGSMVHFDPTPTPKGLAAKAISLPLE,2KCM.pdb,,
2KFV.pdb,2KFV,Q00688,VPQRAWTVEQLRSEQLPKKDIIKFLQEHGSDSFLAEHKLLGNIKNVAKTANKDHLVTAYNHLFETKRFK,2KFV.pdb,,
2KGT.pdb,2KGT,Q13882,LGPKYVGLWDFKSRTDEELSFRAGDVFHVARKEEQWWWATLLDEAGGAVAQGYVPHNYLAERE,2KGT.pdb,,
2KR3.pdb,2KR3,P07751,GKELVLALYDYQEKSPREVTMKKGDILTLLNSTNKDWWKVEVKATANDKTYERQGFVPAAYVKKL,2KR3.pdb,,
2KRU.pdb,2KRU,Q9F715,ELSWTAEAEKMLGKVPFFVRKKVRKNTDNYAREIGEPVVTADVFRKAKEHLG,2KRU.pdb,,
2KVT.pdb,2KVT,P0AAN5,PREAYIVTIEKGKPGQTVTWYQLRADHPKPDSLISEHPTAQEAMDAKKRYED,2KVT.pdb,,
2L09.pdb,2L09,Q8YPN9,NLRWTSEAKTKLKNIPFFARSQAKARIEQLARQAEQDIVTPELVEQARLEFG,2L09.pdb,,
2L2D.pdb,2L2D,Q8TE49,TLDMDAVLSDFVRSTGAEPGLARDLLEGKNWDLTAALSDYEQ,2L2D.pdb,,
2L2P.pdb,2L2P,Q05876,TLFEALYDYEARTEDDLSFHKGEKFQILNSSEGDWWEVRSLTTGETGYIPSPYLA,2L2P.pdb,,
2L6Q.pdb,2L6Q,P68660,VRQEELAAARAALHDLMTGKRVATVQKDGRRVEFTATSVSDLKKYIAELEVQTGM,2L6Q.pdb,,
2L7F.pdb,2L7F,Q99697,HFTSQQLQELEATFQRNRYPDMSTREEIAVWTNLTEARVRVWFKNRRAKWR,2L7F.pdb,,
2L7M.pdb,2L7M,Q99697,THFTSQQLQELEATFQRNHYPDMSTREEIAVWTNLTEARVRVWFKNRRAKWR,2L7M.pdb,,
2L9R.pdb,2L9R,Q99801,HSHMSHTQVIELERKFSHQKYLSAPERAHLAKNLKLTETQVKIWFQNRRYKTKRKQLSSEL,2L9R.pdb,,
2LCL.pdb,2LCL,P0AFW0,ATPYPGDKVIITEGAFEGFQAIFTEPDGEARSMLLLNLINKEIKHSVKNTEFRKL,2LCL.pdb,,
2LGW.pdb,2LGW,P25686,SYYEILDVPRSASADDIKKAYRRKALQWHPDKNPDNKEFAEKKFKEVAEAYEVLSDKHKREIYDR,2LGW.pdb,,
2LHR.pdb,2LHR,Q8NW39,YNLQKLLAPYHKAKTLERQVYELEKLQEKLPEKYKAEYKKKLDQTRVELADQVKS,2LHR.pdb,,
2LJ3.pdb,2LJ3,P07751,ETGKELVLALYDYQEKSPREVTMKKGDILTLLNSTNKDWWKVEVNDRQGFVPAAYVKKL,2LJ3.pdb,,
2LO1.pdb,2LO1,P31689,TTYYDVLGVKPNATQEELKKAYRKLALKYHPDKNPNEGEKFKQISQAYEVLSDAKKRELYDKGGE,2LO1.pdb,,
2LP5.pdb,2LP5,Q05876,TLFEALYDYEARTEDDLSFHKGEKFQILNSSEGDWWEVRSLTTGETGYIPSPYLAPV,2LP5.pdb,,
2LUM.pdb,2LUM,P19909,MQYKLVINGKTLKGETTTKAVDAETAEKAFKQYANDNGVDGVWTYDDATKTFTVTE,2LUM.pdb,,
2LVN.pdb,2LVN,Q9UKV5,QLNAMAHQIQEMFPQVPYHLVLQDLQLTRSVEITTDNILEGRIQVP,2LVN.pdb,,
2LYQ.pdb,2LYQ,Q8VL32,IINNLKLIREKKKISQSELAALLEVSRQTINGIEKNKYNPSLQLALKIAYYLNTPLEDIFQW,2LYQ.pdb,,
2LYR.pdb,2LYR,Q8VL32,MIINNLKLIREKKKISQSELAALLEVSRQTINGIEKNKYNPSLQLALKIAYYLNTPLEDIFQ,2LYR.pdb,,
2M0C.pdb,2M0C,Q9H161,TFTSYQLEELEKVFQKTHYPDVYAREQLAMRTDLTEARVQVWFQNRRA,2M0C.pdb,,
2M0Y.pdb,2M0Y,Q8BUR4,WVPTKREEKYGVAFYNYDARGADELSLQIGDTVHILETYEGWYRGYTLRKKSKKGIFPASYIHLKE,2M0Y.pdb,,
2M2J.pdb,2M2J,Q8ZPL1,HAATELTPEQAAALKPYDRIVITGRFNAIGDAVSAVSRRADEEGAASFYVVDTSEFGNSGNWRVVADVYKA,2M2J.pdb,,
2M2L.pdb,2M2L,C4M3X7,TFEVERIVRKKIVHGNTSYLVKWKNYSSKDNTWETEDDIRTKYGDLVDDFEK,2M2L.pdb,,
2M6Y.pdb,2M6Y,P31689,TTYYDVLGVKPNATQEELKKAYRKLALKYHPDKNPNEGEKFKQISQAYEVLSDAKKREL,2M6Y.pdb,,
2M8I.pdb,2M8I,Q13526,GLEHMADEEKLPPGWEKRMSRSSGRVYYFNHITNASQWERPSG,2M8I.pdb,,
2M8J.pdb,2M8J,Q13526,GLEHMADEEKLPPGWEKRMERSSGRVYYFNHITNASQWERPSG,2M8J.pdb,,
2M8U.pdb,2M8U,Q54HC2,TKAQVIEAFKVFDRDGNGYVTVDYLRKVLNELGDMMPADEIEEMIYEADPQNSGYVQYETFVGMLFL,2M8U.pdb,,
2MA4.pdb,2MA4,Q7CR49,AEIMKKTDFDKVASEYTKIGTISTTGEMSPLDAREDLIKKADEKGADVVVLTSGQTENKIHGTADIYKKK,2MA4.pdb,,
2MC5.pdb,2MC5,Q8LTJ5,EFTQISGYVNAFGSQRGSVLTVKVENDEGWTLVEEDFDRADYGSDPEFVAEVSSYLKRNGGIKDLTKVL,2MC5.pdb,,
2MCH.pdb,2MCH,Q80J95,HHHHHGSGALAALHAEGPLAGLPVTRSDARVLIFNEWEERKKSDPWLRLDMSDKAIFRRYPHLR,2MCH.pdb,,
2MCK.pdb,2MCK,H6WEV7,HHGSGALAALHADGPHAGLPVTRSDARVLIFNDWEERKRSEPWLRLDMSDKAIFRRYPHLR,2MCK.pdb,,
2MH8.pdb,2MH8,A0A0J9X1W7,NGDKGYNGLAEAKEKAIKDLKIYGIGEHYIKLIEKAKQVAAVEDLKDEILKAHD,2MH8.pdb,,
2MI6.pdb,2MI6,P9WIU9,DYEVGESVTVMDGPFATLPATISEVNAEQQKLKVLVSIFGRETPVELTFGQVSKI,2MI6.pdb,,
2MKY.pdb,2MKY,U4MER0,KDKDLLKGLDQEQANEVIAVLQMHNIEANKIDSGKLGYSITVAEPDFTAAVYWIK,2MKY.pdb,,
2MW9.pdb,2MW9,O14776,GATAVSEWTERKTADGKTYYYNNRTLESTWEKPQELK,2MW9.pdb,,
2MWA.pdb,2MWA,O14776,GATAVSEWTEYKTADGKTLYYNNRTLESTWEKPQELK,2MWA.pdb,,
2MWB.pdb,2MWB,O14776,GATAVSEWTEYKTADGKTYYYNNRTLESTFEKPQELK,2MWB.pdb,,
2MXD.pdb,2MXD,Q9QEJ5,ALRDDEYDEWQDIIRDWRKEMTVQQFLDLKERALSGASDPDSQRYNAWLELRA,2MXD.pdb,,
2MYX.pdb,2MYX,P38428,GGHPVTTQMVETVQNLAPNLHPEQIRYSLENTGSVEETVERYLRGDEFSFPP,2MYX.pdb,,
2N4R.pdb,2N4R,O14776,GATAVSEWTEYKTADGKTYYYNNRTDESTWEKPQELK,2N4R.pdb,,
2N88.pdb,2N88,O22265,AVAESVIGKRVGDDGKTIEYLVKWTDMSDATWEPQDNVDSTLVLLYQQ,2N88.pdb,,
2O2W.pdb,2O2W,Q9BX66,GIDPFTGEAIAKFNFNGDTQVEMSFRKGERITLLRQVDENWYEGRIPGTSRQGIFPITYVDVIKRPL,2O2W.pdb,,
2OCH.pdb,2OCH,O45502,TGYYDVLGVKPDASDNELKKAYRKMALKFHPDKNPDGAEQFKQISQAYEVLSDEKKRQIYDQ,2OCH.pdb,,
2QFF.pdb,2QFF,Q6GFB4,QNEKLANELKSLLDELNVNELATGSLNTYYKRTIKISGQKAMYALKSKDFKKMSEAKYQLQKIYNEIDEA,2QFF.pdb,,
2RJV.pdb,2RJV,P02640,LETFPLDVLVNTAAEDLPRGVDPSRKENYLSDEDFKAVFGMTRSAFANLPLWKQQNLKKEKGLF,2RJV.pdb,,
2RRT.pdb,2RRT,P0DP33,SEEEIREAFRVFDKDGNGYISAADLRHVMTNLGEKLTDEEVDEMIREADIDGDGQVNYEDFVQMMTA,2RRT.pdb,,
2RRU.pdb,2RRU,Q64337,RLIESLSQMLSMGFSDEGGWLTRLLQTKNYDIGAALDTIQ,2RRU.pdb,,
2WQG.pdb,2WQG,P40040,SADYSSLTVVQLKDLLTKRNLSVGGLKNEWVQRLIKDDEES,2WQG.pdb,,
2YSB.pdb,2YSB,Q8VEB2,GEDLPLPPGWSVDWTMRGRKYYIDHNTNTTHWSHPLESGPSSG,2YSB.pdb,,
3CQT.pdb,3CQT,Q05876,TLFEALYDYEARTEDDLSFHKGEKFQILNSSEGDWWEARSLTTGETGYIPSIYLAPV,3CQT.pdb,,
3I35.pdb,3I35,Q14847,KRYRAVYDYSAADEDEVSFQDGDTIVNVQQIDDGWMYGTVERTGDTGMLPANYVEAI,3I35.pdb,,
3L1X.pdb,3L1X,O95155,DAPDEFRDPLMDTLMTDPVRLPSGTIMDRSIILRHLLNSPTDPFNRQTLTESMLEPVPELKEQIQAWMR,3L1X.pdb,,
3MYC.pdb,3MYC,P02640,ETFPLDVLVNTAAEDLPRGVDPSRKENFLSDEDFKAVFGMTRSAFANLPLWKQQNLKKEKGLF,3MYC.pdb,,
4G3O.pdb,4G3O,Q9UKV5,YFQGQLNAMAHQIQEMFPQVPYHLVLQDLQLTRSVEITTDNILEGRI,4G3O.pdb,,
4HCK.pdb,4HCK,P08631,DIIVVALYDYEAIHHEDLSFQKGDQMVVLEESGEWWKARSLATRKEGYIPSNYVARVDS,4HCK.pdb,,
4UZW.pdb,4UZW,P40040,SADYSSLTVVQLKDLLTKRNLSVGGLKNELVQRLIKDDEESKGE,4UZW.pdb,,
5AHT.pdb,5AHT,P46934,GSMEQGFLPKGWEVRHAPNGRPFFIDHNTKTTTWEDPRLKIPA,5AHT.pdb_wte,,
5JRT.pdb,5JRT,Q9H2K2,FSITQFVRNLGLEHLMDIFEREQITLRVLVEMGHKELKEIGINAYGHREKLIKGVERLI,5JRT.pdb,,
5OAO.pdb,5OAO,Q8RY59,PTLFAAISHKVAENDMLLINADYQQLRDKKMTRAEFVRKLRVIVGDDLLRSTITTLQ,5OAO.pdb,,
5UBS.pdb,5UBS,P19909,MTFKLIINGKTLKGETTTEAVDAATAEKVFKQYFNDNGIDGEWTYDDATKTFTITE,5UBS.pdb,,
5UCE.pdb,5UCE,P19909,MTFKAIINGKTLKGETTTEAVDAATAEKVFKQYFNDNGLDGEWTYDDATKTFTVTE,5UCE.pdb,,
5VNT.pdb,5VNT,O65570,PAHPYDRLKTTSTDPVSDIDVTRREAYLSSEEFKEKFGMTKEAFYKLPKWKQNKFKMAVQLF,5VNT.pdb,,
5Z2S.pdb,5Z2S,Q9UBX2,AVTGSQTALLLRAFEKDRFPGIAAREELARETGLPESRIQIWFQNRR,5Z2S.pdb,,
6FVC.pdb,6FVC,P02836,EQLARLKREFNENRYLTERRRQQLSSELGLNEAQIKIWFQNERA,6FVC.pdb,,
6IWS.pdb,6IWS,Q96EY1,EDYYQILGVPRNASQKEIKKAYYQLAKKYHPDTNKDDPKAKEKFSQLAEAYEVLSDEVKRKQYDA,6IWS.pdb,,
6M3N.pdb,6M3N,A0A5M6HB72,TFTSIVTTNPDFGGFEFYVEAGQQFDDSAYEEAYGVSVPSAVVEEMNAKAAQLKDGEWLNVSHE,6M3N.pdb,,
6NMW.pdb,6NMW,P07948,QGDIVVALYPYDGIHPDDLSFKKGEKMKVLEEHGEWWKAKSLLTKKEGFIPSNYVAKLN,6NMW.pdb,,
6OBK.pdb,6OBK,D3WAF4,NKEHILAQKEVLTPIEYEHYVKHLFDIGEITKELYIELSS,6OBK.pdb,,
6SCW.pdb,6SCW,A0A480YEE4,MDETGKELVLALYDYQEKSPREVTMKKGDILTLLNSTNKDWWKVEVNDRQGFVPAAYVKKL,6SCW.pdb,,
6SOW.pdb,6SOW,P02976,KEQQNAFYEILHLPNLTEEQRNGFIQSLKDDPSVSKEILAEAKKLNDAQA,6SOW.pdb,,
6YSE.pdb,6YSE,A9J6U1,HERALMVNRLQKLTRMLRVHPDPKWKQEQQELIKRLK,6YSE.pdb,,
7JJK.pdb,7JJK,O94993,RPMNAFMVWARIHRPALAKANPAANNAEISVQLGLEWNKLSEEQKKPYYDEAQKIKE,7JJK.pdb,,
2JWS.pdb,2JWS,,LNLKQAKEEAIKELVDAGIAEKYIKLIANAKTVEGVWTLKDEILTFTV,2JWS.pdb,,
2KZJ.pdb,2KZJ,,KEMRNAYWEIALLPNLNNQQKRAFIRSLYDDPSQSANLLAEAKKLNDAQA,2KZJ.pdb,,
2LHC.pdb,2LHC,,NLKQAKEEAIKELVDAGTAEKYFKLIANAKTVEGVWTLKDEIKTFT,2LHC.pdb,,
2M8E.pdb,2M8E,,DLRKKIVDLHKSGSSLGAISKRLKVPRSSVQTIVRKYK,2M8E.pdb,,
3V1A.pdb,3V1A,Q9H1K0.2,GSPLAQQIKNIHSFIHQAKAAGRMDEVRTLQENLHQLMHEYFQQ,3V1A.pdb,80.95238095238095,95.45454545454545
5KPH.pdb,5KPH,,EEKRQVKQVAKEKLLEQSPNSKVQVRRVQKQGNTIRVELELRTNGKKENYTVEVERQGNTWTVKRITRT,5KPH.pdb,,
5UP5.pdb,5UP5,,QTQEFDNEEEARKAEKELRKENRRVTVTQENGRWRVTWD,5UP5.pdb,,
5UYO.pdb,5UYO,,DVEEQIRRLEEVLKKNQPVTWNGTTYTDPNEIKKVIEELRK,5UYO.pdb,,
7BPM.pdb,7BPM,,GTEIELESKNGQREHYTATSEDEARKIIEKAVRRGIKRIELRGASEQLIRDMQEIAKQIGLQYRTDGSL,7BPM.pdb,,
EEHEE_rd3_0019.pdb,,,GQVHVGDTTYHFPNPEEARKFAEKAAKENNLQVTQHGNTFKVE,EEHEE_rd3_0019.pdb,,
EEHEE_rd3_0094.pdb,,,SQVHIGNTTFTFDNPEKAQKYAEKYAKKKGLTVQKNGDVWTVE,EEHEE_rd3_0094.pdb,,
EEHEE_rd3_0130.pdb,,,TKIIVNGKTFTAPTEEEAQKIAEKLAKKAGLTVHKKNGTFELK,EEHEE_rd3_0130.pdb,,
EEHEE_rd3_0146.pdb,,,QTVVIGDTTYHLNNPEAAQQIAKELAKKYGLKVVISGNTIKLK,EEHEE_rd3_0146.pdb,,
EEHEE_rd3_0602.pdb,,,TTIEWNGTKITVDNPQKAKELAKKIAKKLGLTVKVHGNTITIE,EEHEE_rd3_0602.pdb,,
EEHEE_rd3_0657.pdb,,,GQVNVNNTTYTFPTPKLAKEFAQKAAKKYNLTVHVSGNTVTVK,EEHEE_rd3_0657.pdb,,
EEHEE_rd3_0809.pdb,,,GTVVVGNTKIKFPNPEKAEQFAKEIAKKLNLTVHTDGNTFTVK,EEHEE_rd3_0809.pdb,,
EEHEE_rd3_1049.pdb,,,TTVKLGDIKVTFDNPEKAKKYAQKLAKIYQLTVHVHGDTIHVK,EEHEE_rd3_1049.pdb,,
EEHEE_rd3_1367.pdb,,,TFVEFNGKKVEYPTPEAAEKAAKKLAKKLNLKVTKKNGNYKLE,EEHEE_rd3_1367.pdb,,
EEHEE_rd3_1498.pdb,,,GTLHLNGVTVKVPSLEKAIKAAKKFAKKYNLEVQVHGNTVHVH,EEHEE_rd3_1498.pdb,,
EEHEE_rd3_1587.pdb,,,QTIHNGDQTYHYDNPEEAIKVAQKLAKIYNLTVTVKGNTVQVH,EEHEE_rd3_1587.pdb,,
EEHEE_rd3_1615.pdb,,,KQVQVGDEKYTFDTPEEARKFAEKVAKEKNLKVTEKNGNFHVE,EEHEE_rd3_1615.pdb,,
EEHEE_rd3_1702.pdb,,,TTIHVGDLTLKYDNPKKAYEIAKKLAKKYNLTVTIKNGKITVT,EEHEE_rd3_1702.pdb,,
EEHEE_rd3_1716.pdb,,,TEVHLGDIKLKYPNPEQAKKAAEKLAQKYNLTWTVIGDYVKIE,EEHEE_rd3_1716.pdb,,
EEHEE_rd3_1810.pdb,,,TTVKVNGTKYKFDTPEEAQKFAKKAADKYNLKVVVDGDDLRVE,EEHEE_rd3_1810.pdb,,
EEHEE_rd3_1818.pdb,,,GTLIVGDIKITVPTADAAKKLAQKFAELYNLSIIQDGNTYKLT,EEHEE_rd3_1818.pdb,,
EEHEE_rd4_0003.pdb,,,KKVTINGVEIKFNNPEEAVKFALELAKRLNLRIEFHGDQIKIE,EEHEE_rd4_0003.pdb,,
EEHEE_rd4_0005.pdb,,,TTVEFNGLQFHFDNPEQMVKFALKVAKKLNLQVEFHGDTVKIE,EEHEE_rd4_0005.pdb,,
EEHEE_rd4_0256.pdb,,,LTVQLGNLEWHFDNPEQALKMAEELAKRYQLKVEIDNGTLKFK,EEHEE_rd4_0256.pdb,,
EEHEE_rd4_0308.pdb,,,ATVHVQGVQIDFDNPEKAVKYAQRVAKELGLEIRFHGDTIRVE,EEHEE_rd4_0308.pdb,,
EEHEE_rd4_0363.pdb,,O60315.1,VTVDIKGMEYHFDNPEEAKKFAERMAKELGGELKVENGTLKVE,EEHEE_rd4_0363.pdb,32.35294117647059,79.06976744186046
EEHEE_rd4_0371.pdb,,,VTVHVNRYTYHFDNPEEAEKFAREMAKRLNMTVEIHGNTLKVE,EEHEE_rd4_0371.pdb,,
EEHEE_rd4_0469.pdb,,,ITIHVNGVTYHFDNPEEAEKFAQKMAKTYQLKMEIHNGEFHME,EEHEE_rd4_0469.pdb,,
EEHEE_rd4_0470.pdb,,,MTVRVDGVDYEFSSLEEAVRFALKMAKSKGAEVQLHNGTFHVE,EEHEE_rd4_0470.pdb,,
EEHEE_rd4_0481.pdb,,,KTVHVNGVQYDFDNPEQAERFAKEMAKKAGLQIQFHGDQIKIE,EEHEE_rd4_0481.pdb,,
EEHEE_rd4_0647.pdb,,,MQVTWGNVTVTFSNPEEAKKYAEKVARKLGGQVELHNGQFRIK,EEHEE_rd4_0647.pdb,,
EEHEE_rd4_0763.pdb,,,LTVHVGNVTYHFDNPEQAEEWAKRMAKKYQGQIHVKDGQFRIE,EEHEE_rd4_0763.pdb,,
EEHEE_rd4_0784.pdb,,,KTVHVDGVEYRFNNPEEADKFVKRLVKEKNGNVEVRGDTYHVE,EEHEE_rd4_0784.pdb,,
EEHEE_rd4_0794.pdb,,,TTVHVNGVTYHFPNPEEAKKFVDRVVKEAGLTVEVKGNQWDVE,EEHEE_rd4_0794.pdb,,
EHEE_rd1_0101.pdb,,Q9BSJ1.2,TETREFDNEEEARKEAERLRRKGQDVQIRKKGNRWELRRT,EHEE_rd1_0101.pdb,37.5,80.0
EHEE_rd1_0407.pdb,,,SQTQRTQDENEARRIAEEWKRRGYDVEVRNRNGHWEVTWD,EHEE_rd1_0407.pdb,,
EHEE_rd1_0459.pdb,,,TERYETTDPREAERIKRELKKRGKKVEVREKNGKFEITSK,EHEE_rd1_0459.pdb,,
EHEE_rd2_0152.pdb,,,TETRTFTDEREARRFEQEARDNGKDVQVRESNGKFEVRVK,EHEE_rd2_0152.pdb,,
EHEE_rd2_0191.pdb,,,TTEYTFTDDEEARRAIEELKKRGLTFRYEKHGTTWRVRVD,EHEE_rd2_0191.pdb,,
EHEE_rd2_0196.pdb,,,TETRTFDSEEEAKKAQKEAEKQGRTVTITRRDDRWEVRFD,EHEE_rd2_0196.pdb,,
EHEE_rd2_0372.pdb,,,ETEYTFDDKREADRAAKEAQNNGLRVHVTKDGNRWKVRID,EHEE_rd2_0372.pdb,,
EHEE_rd2_0487.pdb,,,TETYKYDDKREAEKAAEEFRRRGITVTVEERNGTWVLESK,EHEE_rd2_0487.pdb,,
EHEE_rd2_0601.pdb,,,TYTYKLTDEEASRRAEDEWRNRGYDVRVRNNNGTWEVEVR,EHEE_rd2_0601.pdb,,
EHEE_rd2_0751.pdb,,,TETYETTDETEARKIAEELKRRGLTFRIERHGTTIRIESD,EHEE_rd2_0751.pdb,,
EHEE_rd2_1106.pdb,,,ERTETYDDEEQARRAEEEARRKGKEVEVRRENDRWKVRIK,EHEE_rd2_1106.pdb,,
EHEE_rd2_1257.pdb,,,EEERTFTNEEEARKAKKEAEKRGLRVTVTKDGTTWRVRIG,EHEE_rd2_1257.pdb,,
EHEE_rd3_0035.pdb,,,TEHYTFHTEEQAQRAAKKFKKQGLPVTIHEKNGKFTLQVN,EHEE_rd3_0035.pdb,,
EHEE_rd3_0053.pdb,,,TYTFKVDNKDQAKKAAKWAKKLGLSFQIEKHGDTFKITVQ,EHEE_rd3_0053.pdb,,
EHEE_rd4_0044.pdb,,,RYTFRTRGPEQMKRVVEWARRQNLSYRVEVHGDEYIIHAE,EHEE_rd4_0044.pdb_wty,,
EHEE_rd4_0086.pdb,,,EIHIRTNGEEQARKVYKMLAKRNYDVKIEQHNGQWVVTAS,EHEE_rd4_0086.pdb,,
EHEE_rd4_0098.pdb,,,KWTITVQGEEAIKWAIKVAEARNLDYTVHIDGDQAHITIE,EHEE_rd4_0098.pdb,,
EHEE_rd4_0172.pdb,,,EVHFESHGEEQAMRVVKMLKKRNLTVEVKVENNKWIITAK,EHEE_rd4_0172.pdb,,
EHEE_rd4_0195.pdb,,,KITVTFNGEEKARRYYKKMQKHNLKVEIRVENNQWVVHVE,EHEE_rd4_0195.pdb,,
EHEE_rd4_0325.pdb,,,RLHIEVEGTELMKKLVEEAKRRNLNVRAKVENGKWIIEID,EHEE_rd4_0325.pdb,,
EHEE_rd4_0394.pdb,,,AITFRFEGQEKAKKFYEKLMRQNLEATIHIHGDEVHVTVH,EHEE_rd4_0394.pdb,,
EHEE_rd4_0463.pdb,,,SEHYTFDGEEQAIRFMRDMEAKNLKYELQIHNGKYIIQVD,EHEE_rd4_0463.pdb,,
EHEE_rd4_0502.pdb,,,RYTITVNGEEQMKEAIKYMKKMNLNVEARVENGQFIITAD,EHEE_rd4_0502.pdb,,
EHEE_rd4_0625.pdb,,,RITITTHGKEQAMKAMKKMQAQNLEVHVRVENGQWVITAD,EHEE_rd4_0625.pdb,,
EHEE_rd4_0726.pdb,,,DIEITTNGEEDAKRVIKELQKRNLEYHIEVHGNQWVIKVR,EHEE_rd4_0726.pdb,,
EHEE_rd4_0840.pdb,,,KMTIRVKGKELARRIAKEMKDRNLKVEIHEHGDEVILEIE,EHEE_rd4_0840.pdb,,
EHEE_rd4_0864.pdb,,,EETYEVDGEEQLKKVEKMLRDRNLDVEVEIHNGKFVIRAK,EHEE_rd4_0864.pdb,,
EHEE_rd4_0877.pdb,,,RVQYHVEGTEAAIQFLREVKAQNLEVHVERKGDKYIIHVD,EHEE_rd4_0877.pdb,,
HEEH_KT_rd6_0007.pdb,,,SIEEEIKKAEEAKEKGKTFIHGDFVATTEELLDELLKRLRKKL,HEEH_KT_rd6_0007.pdb,,
HEEH_KT_rd6_0280.pdb,,,SEIVKHAEEALERGEFVRIEHNGRVIEIRNEEALEELRRWVEK,HEEH_KT_rd6_0280.pdb,,
HEEH_KT_rd6_0790.pdb,,,SEEEEEEWRRAKERGEEIIILGILWKPNDEEAERRIKEALRRV,HEEH_KT_rd6_0790.pdb,,
HEEH_KT_rd6_0872.pdb,,,SEEELIEKAEKLRKEFEFIWNGIRFIIRENADEIRRFEELLKE,HEEH_KT_rd6_0872.pdb,,
HEEH_KT_rd6_3546.pdb,,,SEEDKEREHWERLNRDFELRVLDTTFIAHHAEEVIKLLRWLEK,HEEH_KT_rd6_3546.pdb,,
HEEH_KT_rd6_3632.pdb,,,DAEELIELVERALKEGREIILLGVRITSEEAGKWFIEWIRRFL,HEEH_KT_rd6_3632.pdb,,
HEEH_rd3_0055.pdb,,,TIEDAIKKLLKLAQKGQPYTFGDFTVTSEEEAKKLAKWLKKQL,HEEH_rd3_0055.pdb,,
HEEH_rd3_0223.pdb,,,TIDEIIKALEQAVKDNKPIQVGNYTVTSADEAEKLAKKLKKEY,HEEH_rd3_0223.pdb,,
HEEH_rd4_0097.pdb,,,DVEEQIRRLEEVLKKNQPVTWNGTTYTDPNEIKKVIEELRKSM,HEEH_rd4_0097.pdb,,
HEEH_rd4_0349.pdb,,,DWREIAKLAEEALKKQQPVTVNGQTFNDPNEIKKLLETAQKAI,HEEH_rd4_0349.pdb,,
HHH_rd1_0335.pdb,,,TEDEKKIQELLKRANGDVSKAEKLAQSQGNEELARRLREYANK,HHH_rd1_0335.pdb,,
HHH_rd1_0473.pdb,,,QKEELKEKAKEAVKRGNKDKARELLKRAGISEEEAKKIIKKIE,HHH_rd1_0473.pdb,,
HHH_rd1_0493.pdb,,,RDEDEKEKIKEALKRGNEDKAKEIAKRANVSPEEYERLRKEAE,HHH_rd1_0493.pdb,,
HHH_rd1_0516.pdb,,,DEDSERELEKLRKNNASKEEIKEVLKRLGFSEDEAKKLAEKAG,HHH_rd1_0516.pdb,,
HHH_rd1_0578.pdb,,,DENEERIRAFALYKGIDPEKARELWERGEINKDDEEKAWREYK,HHH_rd1_0578.pdb,,
HHH_rd1_0598.pdb,,,TEDARKEAKKIIDNGGSPDEAAKFIKKYGLSEDQARELVKRAL,HHH_rd1_0598.pdb,,
HHH_rd1_0606.pdb,,Q99811.2,PDDEWKERLREAEEKNNWKLFEELARKAGVSEEKIEEWKRRWS,HHH_rd1_0606.pdb,34.375,74.4186046511628
HHH_rd2_0155.pdb,,,PPDDERKKAEKAARSGNEEKAREILERLGYSEDEARELAKRLR,HHH_rd2_0155.pdb,,
HHH_rd2_0181.pdb,,,PKDQAKKEIEKALRNGDEEKAKRLAKKYGISDDDWKELKKRVS,HHH_rd2_0181.pdb,,
HHH_rd4_0676.pdb,,,ADDEVAKLLVDAYRKNDEDKLEEVKKRYNISDEQVKRLIRKVL,HHH_rd4_0676.pdb,,
HHH_rd4_0816.pdb,,,SDEEKKVRDQAKRLGVNTEQLLKWARRQGDEDLVRIVERLLRS,HHH_rd4_0816.pdb,,
HHH_rd4_0870.pdb,,,EEEEKKKEEIARLLGVSKEDVERILKKNNLDIEQLLRRVQREN,HHH_rd4_0870.pdb,,
r10_437_TrROS_Hall.pdb,,,EPELVFKVRVRTKDGRELEIEVSAEDLEKLLEALPDIEEVEIEEVEP,r10_437_TrROS_Hall.pdb,,
r10_490_TrROS_Hall.pdb,,,KVTIVVENIKVFGEDGKLTDEARRLLEKALEEAKRFPGKEVEIVLLP,r10_490_TrROS_Hall.pdb,,
r11_233_TrROS_Hall.pdb,,,KTYTFRVRIVDEETGEEKEIEVTAKSEEEAKKAAEELKKKYPNLKVELE,r11_233_TrROS_Hall.pdb,,
r11_797_TrROS_Hall.pdb,,,EKTLKIVADSEEEAEALAKELAEKYNLEVTIERNPEEEGKYVITIKIKP,r11_797_TrROS_Hall.pdb,,
r11_829_TrROS_Hall.pdb,,,MTYRVRIENADGEVVTIEISADELREKGLTLEELLPPNARIVEVEEVEP,r11_829_TrROS_Hall.pdb,,
r11_951_TrROS_Hall.pdb,,,KKKYVIKVYFEDTGKEVEIEAESKEEALEAAKRLAEELGLKIKKVEIYP,r11_951_TrROS_Hall.pdb,,
r16_88_TrROS_Hall.pdb,,,EVIELKIKFKTPEQREKLKEIAKKLNAEVVEEKDGEVIIRFKTPEQAERALKEAEKLGAEVEL,r16_88_TrROS_Hall.pdb,,
r4_412_TrROS_Hall.pdb,,,KKKIKIYIENENGEKKTIEIEVEGDIDEIAKELAKKYNVKIVKIEP,r4_412_TrROS_Hall.pdb,,
r4_43_TrROS_Hall.pdb,,Q5R532.1,DLVTIKVPLENLEEIKKAAEKAGFKIVSISYDKENKEVTIVIEKKK,r4_43_TrROS_Hall.pdb,35.8974358974359,84.78260869565217
r6_560_TrROS_Hall.pdb,,,AKPPKTVTVKVEVTNADGETQTRTVTLTNLPKDLKPGDTVTLPETGQTARIVEITP,r6_560_TrROS_Hall.pdb,,
r6_831_TrROS_Hall.pdb,,Q9Y6N7.1,MVYKIRDKETGKVYEVTIDEETNEITVYDVKTGKPVKTVNMTIEELKEAGYEVEPV,r6_831_TrROS_Hall.pdb,30.23255813953488,76.78571428571429
r7_587_TrROS_Hall.pdb,,,PTIVLKVSPEELKALEKAGVEIEKIEKNEDGELYITLTPEALKKAGFE,r7_587_TrROS_Hall.pdb,,
v2K43S_2KVV.pdb,,,EEWMVEKALMVRTGLGARQIESYRQGAWIEGVHFKRVSPSGESTLRGTTWYNYPEINKFIR,v2K43S_2KVV.pdb,,
v2_2HDZ.pdb,,P17480.1,AEEIWQQSVIGDYLARFKNDRVKALKAMEMTWNNMEKKEKLMWIKKAAED,v2_2HDZ.pdb,100.0,100.0
v2_2LXE.pdb,,,VLKALERTRQLDIPDEKTMPVLMKLLEEAGGNWSYIKLDNYTALVDAIYSVED,v2_2LXE.pdb,,
v2_2M5A.pdb,,,VDNKFNKEQQNAFYEILHLPNLNEEQRNAFIQSLKDDPSQSANLLAEAKKLNDAQA,v2_2M5A.pdb,,
v2_4UZX.pdb,,,SPEEIKAKALDLLNKKLHRANKFGQDQADIDSLQRQINRVEKFGVDLNSKLAEELGLV,v2_4UZX.pdb,,
v2_6IVS.pdb,,,NRLGIIYEIQGMKAVVLTSEGEFLIIRRRKDMKVGQQVSFENEDIYNV,v2_6IVS.pdb,,
