pdb_id,uniprot_id,wt_seq,protein_name,source
1A32,P05766,SPEVQIAILTEQINNLNEHLRVHKKDHHSRRGLLKMVGKRRRLLAYLRNKDVARYREIVEKLG,1A32.pdb,mega
1AOY,P0A6D0,QEELVKAFKALLKEEKFSSQGEIVAALQEQGFDNINQSKVSRMLTKFGAVRTRNAKMEMVYCLPAELGV,1AOY.pdb,mega
1E0L,Q8CGF7,GATAVSEWTEYKTADGKTYYYNNRTLESTWEKPQELK,1E0L.pdb,mega
1E6H,P07751,DETGKELVLVLYDYQEKSPREVTIKKGDILTLLNSTNKDWWKIEVNDRQGFVPAAYLKKLD,1E6H.pdb,mega
1ENH,P02836,AFSSEQLARLKREFNENRYLTERRRQQLSSELGLNEAQIKIWFQNKRA,1ENH.pdb,mega
1F0M,P29323,SFNTVDEWLEAIKMGQYKESFANAGFTSFDVVSQMMMEDILRVGVTLAGHQKKILNSIQVMRAQMN,1F0M.pdb,mega
1GJS,P19909,NSLAEAKVLANRELDKYGVSDYYKNLINNAKTVEGVKALIDEILA,1GJS.pdb,mega
1GL5,P24604,SEIVVAMYDFQATEAHDLRLERGQEYIILEKNDLHWWRARDKYGSEGYIPSNYVTGKK,1GL5.pdb,mega
1H92,P06239,DNLVIALHSYEPSHDGDLGFEKGEQLRILEQSGEWWKAQSLTTGQEGFIPFNFVAKA,1H92.pdb,mega
1I2T,O95071,HRQALGERLYPRVQAMQPAFASKITGMLLELSPAQLLLLLASEDSLRARVDEAMELII,1I2T.pdb,mega
1IFY,P54725,SEYETMLTEIMSMGYERERVVAALRASYNNPHRAVEYLLTGIPG,1IFY.pdb_wth,mega
1JIC,P39476,TVKFKYKGEEKQVDISKIKKVWRVGKMISFTYDEGGGKTGRGAVSEKDAPKELLQ,1JIC.pdb,mega
1K1V,O54790,LTDEELVTMSVRELNQHLRGLSKEEIIQLKQRRRTLKNRGY,1K1V.pdb,mega
1LP1,P38507,KFNKELSVAGREIVTLPNLNDPQKKAFIFSLWDDPSQSANLLAEAKKLNDAQAPK,1LP1.pdb,mega
1O6X,P48052,VGDQVLEIVPSNEEQIKNLLQLEAQEHLQLDFWKSPTTPGETAHVRVPFVNVQAVKVFLESQGIAYSIMIED,1O6X.pdb,mega
1OPS,P19608,SQSVVATQLIPMNTALTPAMMEGKVTNPIGIPFAEMSQLVGKQVNTPVAKGQTLMPNMVKTYA,1OPS.pdb,mega
1ORC,P03040,QRITLKDYAMRFGQTKTAKDLGVYQSAINKAIHAGRKIFLTINADGSVYAEEVKDGEVKPFPS,1ORC.pdb,mega
1PV0,Q7WY62,MRKLSDELLIESYFKATEMNLNRDFIELIENEIKRRSLGHIISV,1PV0.pdb,mega
1QLY,Q06187,LKKVVALYDYMPMNANDLQLRKGDEYFILEESNLPWWRARDKNGQEGYIPSNYVTEAE,1QLY.pdb,mega
1R69,P16117,SISSRVKSKRIQLGLNQAELAQKVGTTQQSIEQLENGKTKRPRFLPELASALGVSVDWLLN,1R69.pdb,mega
1SRM,P00523,TFVALYDYESRTETDLSFKKGERLQIVNNTEGDWWLAHSLTTGQTGYIPSNYVAP,1SRM.pdb,mega
1TG0,P47068,EVPFKVVAQFPYKSDYEDDLNFEKDQEIIVTSVEDAEWYFGEYQDSNGDVIEGIFPKSFVAVQG,1TG0.pdb,mega
1UFM,O88544,SSGGSSILDRAVIEHNLLSASKLYNNITFEELGALLEIPAAKAEKIASQMITEGRMNGFIDQIDGIVHFETR,1UFM.pdb,mega
1URF,Q16512,GIPATNLSRVAGLEKQLAIELKVKQGAENMIQTYSNGSTKDRKLLLTAQQMLQDSKTKIDIIRMQLRRALQ,1URF.pdb,mega
1UZC,O75400,TYTWNTKEEAKQAFKELLKEKRVPSNASWEQAMKMIINDPRYSALAKLSEKKQAFNAYKVQTE,1UZC.pdb,mega
1VII,P02640,MLSDEDFKAVFGMTRSAFANLPLWKQQNLKKEKGLF,1VII.pdb,mega
1W4F,P11961,RVIAMPSVRKYAREKGVDIRLVQGTGKNGRVLKEDIDAWLA,1W4F.pdb,mega
1Y0M,P10686,KSAVKALFDYKAQREDELTFTKSAIIQNVEKQDGGWWRGDYGGKKQLWFPSNYVEEMI,1Y0M.pdb,mega
1YP5,Q04439,PMFEAAYDFPGSGSPSELPLKKGDVIYITREEPSGWSLGKLLDGSKEGWVPTAYMKP,1YP5.pdb,mega
1ZHC,O25839,HEFRDEISVLKANNPHFDKIFEKHNQLDDDIKTAEQQNASDAEVSHMKKQKLKLKDEIHSMIIEYREK,1ZHC.pdb,mega
1ZLM,Q92882,VKVFRALYTFEPRTPDELYFEEGDIIYITDMSDTNWWKGTSKGRTGLIPSNYVAEQ,1ZLM.pdb,mega
2AMI,P05434,GLTEEQKQEIREAFDLFDTDGSGTIDAKELKVAMRALGFEPKKEEIKKMISEIDKDGSGTIDFEEFLTMMTA,2AMI.pdb,mega
2B88,Q70AB8,NKFNKELGWATWEIFNLPNLNGVQVKAFIDSLRDDPSQSANLLAEAKKLNDAQA,2B88.pdb,mega
2BTT,P36006,KDPKFEAAYDFPGSGSSSELPLKKGDIVFISRDEPSGWSLAKLLDGSKEGWVPTAYMTPYK,2BTT.pdb,mega
2CJJ,Q58FS3,PWSAKENKAFERALAVYDKDTPDRWANVARAVEGRTPEEVKKHYEILVEDIKYI,2CJJ.pdb,mega
2D1U,P13036,QVNIAPGSLDKALNQYAAHSGFTLSVDASLTRGKQSNGLHGDYDVESGLQQLLDGSGLQVKPLGNNSWTLEP,2D1U.pdb,mega
2EXD,O58204,TFELKGKVGKVVKIAEDHYLVEVEGDKWIAYSDEKLSLGDRVMVVDVDGLKLKVKRIP,2EXD.pdb,mega
2GP8,P26748,ITGDVSAANKDAIRKQMDAAASKGDVETYRKLKAKLKGIR,2GP8.pdb,mega
2HBB,P02417,MKVIFLKDVKGKGKKGEIKNVADGYANNFLFKQGLAIEATPANLKALE,2HBB.pdb,mega
2JN4,Q6N0Y6,MKVMIRKTATGHSAYVAKKDLEELIVEMENPALWGGKVTLANGWQLELPAMAADTPLPITVEARKL,2JN4.pdb,mega
2JT1,Q04822,SIVTKIISIVQERQNMDDGAPVKTRDIADAAGLSIYQVRLYLEQLHDVGVLEKVNAGKGVPGLWRLL,2JT1.pdb,mega
2JTV,Q6N4D8,MATADDFKLIRDIHSTGGRRQVFGSREQKPFEDLVDLGWLKRSSVDSRATHYQITERGTSAAL,2JTV.pdb,mega
2JVD,O31818,MISNAKIARINELAAKAKAGVITEEEKAEQQKLRQEYLK,2JVD.pdb,mega
2JVG,Q931F4,VRHDERVKSANDAISKLNEKDSIENRRLAQREVNKAPMDVKEHLQKQLDALVAQKD,2JVG.pdb,mega
2JZ2,P74795,MIFPGATVRVTNVDDTYYRFEGLVQRVSDGKAAVLFENGNWDKLVTFRLSELEAVK,2JZ2.pdb,mega
2K2A,Q868D4,ELREAFRLYDKEGNGYISTDVMREILAELDETLSSEDLDAMIDEIDADGSGTVDFEEFMGVMT,2K2A.pdb,mega
2K5N,Q6D6V0,MAMNGTITTWFKDKGFGFIKDENGDNRYFHVIKVANPDLIKKDAAVTFEPTTNNKGLSAYAVKVVPL,2K5N.pdb,mega
2KCM,Q8EG75,MKGKVVSYLAAKKYGFIQGDDGESYFLHFSELLDKKDEGKLVKGSMVHFDPTPTPKGLAAKAISLPLE,2KCM.pdb,mega
2KFV,Q00688,VPQRAWTVEQLRSEQLPKKDIIKFLQEHGSDSFLAEHKLLGNIKNVAKTANKDHLVTAYNHLFETKRFK,2KFV.pdb,mega
2KGT,Q13882,LGPKYVGLWDFKSRTDEELSFRAGDVFHVARKEEQWWWATLLDEAGGAVAQGYVPHNYLAERE,2KGT.pdb,mega
2KRU,Q9F715,ELSWTAEAEKMLGKVPFFVRKKVRKNTDNYAREIGEPVVTADVFRKAKEHLG,2KRU.pdb,mega
2KVT,P0AAN5,PREAYIVTIEKGKPGQTVTWYQLRADHPKPDSLISEHPTAQEAMDAKKRYED,2KVT.pdb,mega
2L09,Q8YPN9,NLRWTSEAKTKLKNIPFFARSQAKARIEQLARQAEQDIVTPELVEQARLEFG,2L09.pdb,mega
2L2D,Q8TE49,TLDMDAVLSDFVRSTGAEPGLARDLLEGKNWDLTAALSDYEQ,2L2D.pdb,mega
2L2P,Q05876,TLFEALYDYEARTEDDLSFHKGEKFQILNSSEGDWWEVRSLTTGETGYIPSPYLA,2L2P.pdb,mega
2L6Q,P68660,VRQEELAAARAALHDLMTGKRVATVQKDGRRVEFTATSVSDLKKYIAELEVQTGM,2L6Q.pdb,mega
2L7F,Q99697,HFTSQQLQELEATFQRNRYPDMSTREEIAVWTNLTEARVRVWFKNRRAKWR,2L7F.pdb,mega
2L9R,Q99801,HSHMSHTQVIELERKFSHQKYLSAPERAHLAKNLKLTETQVKIWFQNRRYKTKRKQLSSEL,2L9R.pdb,mega
2LCL,P0AFW0,ATPYPGDKVIITEGAFEGFQAIFTEPDGEARSMLLLNLINKEIKHSVKNTEFRKL,2LCL.pdb,mega
2LGW,P25686,SYYEILDVPRSASADDIKKAYRRKALQWHPDKNPDNKEFAEKKFKEVAEAYEVLSDKHKREIYDR,2LGW.pdb,mega
2LHR,Q8NW39,YNLQKLLAPYHKAKTLERQVYELEKLQEKLPEKYKAEYKKKLDQTRVELADQVKS,2LHR.pdb,mega
2LO1,P31689,TTYYDVLGVKPNATQEELKKAYRKLALKYHPDKNPNEGEKFKQISQAYEVLSDAKKRELYDKGGE,2LO1.pdb,mega
2LVN,Q9UKV5,QLNAMAHQIQEMFPQVPYHLVLQDLQLTRSVEITTDNILEGRIQVP,2LVN.pdb,mega
2LYQ,Q8VL32,IINNLKLIREKKKISQSELAALLEVSRQTINGIEKNKYNPSLQLALKIAYYLNTPLEDIFQW,2LYQ.pdb,mega
2M0C,Q9H161,TFTSYQLEELEKVFQKTHYPDVYAREQLAMRTDLTEARVQVWFQNRRA,2M0C.pdb,mega
2M0Y,Q8BUR4,WVPTKREEKYGVAFYNYDARGADELSLQIGDTVHILETYEGWYRGYTLRKKSKKGIFPASYIHLKE,2M0Y.pdb,mega
2M2J,Q8ZPL1,HAATELTPEQAAALKPYDRIVITGRFNAIGDAVSAVSRRADEEGAASFYVVDTSEFGNSGNWRVVADVYKA,2M2J.pdb,mega
2M2L,C4M3X7,TFEVERIVRKKIVHGNTSYLVKWKNYSSKDNTWETEDDIRTKYGDLVDDFEK,2M2L.pdb,mega
2M8I,Q13526,GLEHMADEEKLPPGWEKRMSRSSGRVYYFNHITNASQWERPSG,2M8I.pdb,mega
2M8U,Q54HC2,TKAQVIEAFKVFDRDGNGYVTVDYLRKVLNELGDMMPADEIEEMIYEADPQNSGYVQYETFVGMLFL,2M8U.pdb,mega
2MA4,Q7CR49,AEIMKKTDFDKVASEYTKIGTISTTGEMSPLDAREDLIKKADEKGADVVVLTSGQTENKIHGTADIYKKK,2MA4.pdb,mega
2MC5,Q8LTJ5,EFTQISGYVNAFGSQRGSVLTVKVENDEGWTLVEEDFDRADYGSDPEFVAEVSSYLKRNGGIKDLTKVL,2MC5.pdb,mega
2MCH,Q80J95,HHHHHGSGALAALHAEGPLAGLPVTRSDARVLIFNEWEERKKSDPWLRLDMSDKAIFRRYPHLR,2MCH.pdb,mega
2MCK,H6WEV7,HHGSGALAALHADGPHAGLPVTRSDARVLIFNDWEERKRSEPWLRLDMSDKAIFRRYPHLR,2MCK.pdb,mega
2MH8,A0A0J9X1W7,NGDKGYNGLAEAKEKAIKDLKIYGIGEHYIKLIEKAKQVAAVEDLKDEILKAHD,2MH8.pdb,mega
2MI6,P9WIU9,DYEVGESVTVMDGPFATLPATISEVNAEQQKLKVLVSIFGRETPVELTFGQVSKI,2MI6.pdb,mega
2MKY,U4MER0,KDKDLLKGLDQEQANEVIAVLQMHNIEANKIDSGKLGYSITVAEPDFTAAVYWIK,2MKY.pdb,mega
2MW9,O14776,GATAVSEWTERKTADGKTYYYNNRTLESTWEKPQELK,2MW9.pdb,mega
2MXD,Q9QEJ5,ALRDDEYDEWQDIIRDWRKEMTVQQFLDLKERALSGASDPDSQRYNAWLELRA,2MXD.pdb,mega
2MYX,P38428,GGHPVTTQMVETVQNLAPNLHPEQIRYSLENTGSVEETVERYLRGDEFSFPP,2MYX.pdb,mega
2N88,O22265,AVAESVIGKRVGDDGKTIEYLVKWTDMSDATWEPQDNVDSTLVLLYQQ,2N88.pdb,mega
2O2W,Q9BX66,GIDPFTGEAIAKFNFNGDTQVEMSFRKGERITLLRQVDENWYEGRIPGTSRQGIFPITYVDVIKRPL,2O2W.pdb,mega
2OCH,O45502,TGYYDVLGVKPDASDNELKKAYRKMALKFHPDKNPDGAEQFKQISQAYEVLSDEKKRQIYDQ,2OCH.pdb,mega
2QFF,Q6GFB4,QNEKLANELKSLLDELNVNELATGSLNTYYKRTIKISGQKAMYALKSKDFKKMSEAKYQLQKIYNEIDEA,2QFF.pdb,mega
2RRT,P0DP33,SEEEIREAFRVFDKDGNGYISAADLRHVMTNLGEKLTDEEVDEMIREADIDGDGQVNYEDFVQMMTA,2RRT.pdb,mega
2RRU,Q64337,RLIESLSQMLSMGFSDEGGWLTRLLQTKNYDIGAALDTIQ,2RRU.pdb,mega
2WQG,P40040,SADYSSLTVVQLKDLLTKRNLSVGGLKNEWVQRLIKDDEES,2WQG.pdb,mega
2YSB,Q8VEB2,GEDLPLPPGWSVDWTMRGRKYYIDHNTNTTHWSHPLESGPSSG,2YSB.pdb,mega
3I35,Q14847,KRYRAVYDYSAADEDEVSFQDGDTIVNVQQIDDGWMYGTVERTGDTGMLPANYVEAI,3I35.pdb,mega
3L1X,O95155,DAPDEFRDPLMDTLMTDPVRLPSGTIMDRSIILRHLLNSPTDPFNRQTLTESMLEPVPELKEQIQAWMR,3L1X.pdb,mega
4HCK,P08631,DIIVVALYDYEAIHHEDLSFQKGDQMVVLEESGEWWKARSLATRKEGYIPSNYVARVDS,4HCK.pdb,mega
5AHT,P46934,GSMEQGFLPKGWEVRHAPNGRPFFIDHNTKTTTWEDPRLKIPA,5AHT.pdb_wte,mega
5JRT,Q9H2K2,FSITQFVRNLGLEHLMDIFEREQITLRVLVEMGHKELKEIGINAYGHREKLIKGVERLI,5JRT.pdb,mega
5OAO,Q8RY59,PTLFAAISHKVAENDMLLINADYQQLRDKKMTRAEFVRKLRVIVGDDLLRSTITTLQ,5OAO.pdb,mega
5VNT,O65570,PAHPYDRLKTTSTDPVSDIDVTRREAYLSSEEFKEKFGMTKEAFYKLPKWKQNKFKMAVQLF,5VNT.pdb,mega
5Z2S,Q9UBX2,AVTGSQTALLLRAFEKDRFPGIAAREELARETGLPESRIQIWFQNRR,5Z2S.pdb,mega
6IWS,Q96EY1,EDYYQILGVPRNASQKEIKKAYYQLAKKYHPDTNKDDPKAKEKFSQLAEAYEVLSDEVKRKQYDA,6IWS.pdb,mega
6M3N,A0A5M6HB72,TFTSIVTTNPDFGGFEFYVEAGQQFDDSAYEEAYGVSVPSAVVEEMNAKAAQLKDGEWLNVSHE,6M3N.pdb,mega
6NMW,P07948,QGDIVVALYPYDGIHPDDLSFKKGEKMKVLEEHGEWWKAKSLLTKKEGFIPSNYVAKLN,6NMW.pdb,mega
6OBK,D3WAF4,NKEHILAQKEVLTPIEYEHYVKHLFDIGEITKELYIELSS,6OBK.pdb,mega
6SCW,A0A480YEE4,MDETGKELVLALYDYQEKSPREVTMKKGDILTLLNSTNKDWWKVEVNDRQGFVPAAYVKKL,6SCW.pdb,mega
6SOW,P02976,KEQQNAFYEILHLPNLTEEQRNGFIQSLKDDPSVSKEILAEAKKLNDAQA,6SOW.pdb,mega
6YSE,A9J6U1,HERALMVNRLQKLTRMLRVHPDPKWKQEQQELIKRLK,6YSE.pdb,mega
7JJK,O94993,RPMNAFMVWARIHRPALAKANPAANNAEISVQLGLEWNKLSEEQKKPYYDEAQKIKE,7JJK.pdb,mega
2JWS,,LNLKQAKEEAIKELVDAGIAEKYIKLIANAKTVEGVWTLKDEILTFTV,2JWS.pdb,mega
2KZJ,A0A0H3K686,KEMRNAYWEIALLPNLNNQQKRAFIRSLYDDPSQSANLLAEAKKLNDAQA,2KZJ.pdb,mega
2KZJ,P0A015,KEMRNAYWEIALLPNLNNQQKRAFIRSLYDDPSQSANLLAEAKKLNDAQA,2KZJ.pdb,mega
2M8E,I1RIV2,DLRKKIVDLHKSGSSLGAISKRLKVPRSSVQTIVRKYK,2M8E.pdb,mega
3V1A,Q9H1K0,GSPLAQQIKNIHSFIHQAKAAGRMDEVRTLQENLHQLMHEYFQQ,3V1A.pdb,mega
3V1A,Q80Y56,GSPLAQQIKNIHSFIHQAKAAGRMDEVRTLQENLHQLMHEYFQQ,3V1A.pdb,mega
,O62714,SQVHIGNTTFTFDNPEKAQKYAEKYAKKKGLTVQKNGDVWTVE,EEHEE_rd3_0094.pdb,mega
,Q3SKU2,TTIEWNGTKITVDNPQKAKELAKKIAKKLGLTVKVHGNTITIE,EEHEE_rd3_0602.pdb,mega
,P73511,TEVHLGDIKLKYPNPEQAKKAAEKLAQKYNLTWTVIGDYVKIE,EEHEE_rd3_1716.pdb,mega
,Q59024,KKVTINGVEIKFNNPEEAVKFALELAKRLNLRIEFHGDQIKIE,EEHEE_rd4_0003.pdb,mega
,Q8GY23,LTVQLGNLEWHFDNPEQALKMAEELAKRYQLKVEIDNGTLKFK,EEHEE_rd4_0256.pdb,mega
,Q67RZ0,KTVHVDGVEYRFNNPEEADKFVKRLVKEKNGNVEVRGDTYHVE,EEHEE_rd4_0784.pdb,mega
,L0E2R0,TETREFDNEEEARKEAERLRRKGQDVQIRKKGNRWELRRT,EHEE_rd1_0101.pdb,mega
,O29695,ERTETYDDEEQARRAEEEARRKGKEVEVRRENDRWKVRIK,EHEE_rd2_1106.pdb,mega
,O29836,EEERTFTNEEEARKAKKEAEKRGLRVTVTKDGTTWRVRIG,EHEE_rd2_1257.pdb,mega
,A0LIR9,EEERTFTNEEEARKAKKEAEKRGLRVTVTKDGTTWRVRIG,EHEE_rd2_1257.pdb,mega
,Q06994,AITFRFEGQEKAKKFYEKLMRQNLEATIHIHGDEVHVTVH,EHEE_rd4_0394.pdb,mega
,Q75HQ3,SEHYTFDGEEQAIRFMRDMEAKNLKYELQIHNGKYIIQVD,EHEE_rd4_0463.pdb,mega
,B3PLN2,KMTIRVKGKELARRIAKEMKDRNLKVEIHEHGDEVILEIE,EHEE_rd4_0840.pdb,mega
,B0VCX5,SEEDKEREHWERLNRDFELRVLDTTFIAHHAEEVIKLLRWLEK,HEEH_KT_rd6_3546.pdb,mega
,A3M4W0,SEEDKEREHWERLNRDFELRVLDTTFIAHHAEEVIKLLRWLEK,HEEH_KT_rd6_3546.pdb,mega
,B0VR22,SEEDKEREHWERLNRDFELRVLDTTFIAHHAEEVIKLLRWLEK,HEEH_KT_rd6_3546.pdb,mega
,B2HYZ7,SEEDKEREHWERLNRDFELRVLDTTFIAHHAEEVIKLLRWLEK,HEEH_KT_rd6_3546.pdb,mega
,B9E6N3,TIEDAIKKLLKLAQKGQPYTFGDFTVTSEEEAKKLAKWLKKQL,HEEH_rd3_0055.pdb,mega
,Q9CFV2,RDEDEKEKIKEALKRGNEDKAKEIAKRANVSPEEYERLRKEAE,HHH_rd1_0493.pdb,mega
,O32771,RDEDEKEKIKEALKRGNEDKAKEIAKRANVSPEEYERLRKEAE,HHH_rd1_0493.pdb,mega
,Q02YG5,RDEDEKEKIKEALKRGNEDKAKEIAKRANVSPEEYERLRKEAE,HHH_rd1_0493.pdb,mega
,Q5FJC0,PKDQAKKEIEKALRNGDEEKAKRLAKKYGISDDDWKELKKRVS,HHH_rd2_0181.pdb,mega
,A8YVZ3,PKDQAKKEIEKALRNGDEEKAKRLAKKYGISDDDWKELKKRVS,HHH_rd2_0181.pdb,mega
,Q047M8,PKDQAKKEIEKALRNGDEEKAKRLAKKYGISDDDWKELKKRVS,HHH_rd2_0181.pdb,mega
,H2MCM1,EEEEKKKEEIARLLGVSKEDVERILKKNNLDIEQLLRRVQREN,HHH_rd4_0870.pdb,mega
,Q3UQ84,EPELVFKVRVRTKDGRELEIEVSAEDLEKLLEALPDIEEVEIEEVEP,r10_437_TrROS_Hall.pdb,mega
,B6K4Q8,KVTIVVENIKVFGEDGKLTDEARRLLEKALEEAKRFPGKEVEIVLLP,r10_490_TrROS_Hall.pdb,mega
,P76057,EEWMVEKALMVRTGLGARQIESYRQGAWIEGVHFKRVSPSGESTLRGTTWYNYPEINKFIR,v2K43S_2KVV.pdb,mega
,P25976,AEEIWQQSVIGDYLARFKNDRVKALKAMEMTWNNMEKKEKLMWIKKAAED,v2_2HDZ.pdb,mega
,P25977,AEEIWQQSVIGDYLARFKNDRVKALKAMEMTWNNMEKKEKLMWIKKAAED,v2_2HDZ.pdb,mega
,P17480,AEEIWQQSVIGDYLARFKNDRVKALKAMEMTWNNMEKKEKLMWIKKAAED,v2_2HDZ.pdb,mega
,P25979,AEEIWQQSVIGDYLARFKNDRVKALKAMEMTWNNMEKKEKLMWIKKAAED,v2_2HDZ.pdb,mega
,P25980,AEEIWQQSVIGDYLARFKNDRVKALKAMEMTWNNMEKKEKLMWIKKAAED,v2_2HDZ.pdb,mega
,Q8W595,VLKALERTRQLDIPDEKTMPVLMKLLEEAGGNWSYIKLDNYTALVDAIYSVED,v2_2LXE.pdb,mega
,A7X659,VDNKFNKEQQNAFYEILHLPNLNEEQRNAFIQSLKDDPSQSANLLAEAKKLNDAQA,v2_2M5A.pdb,mega
,Q6GE15,VDNKFNKEQQNAFYEILHLPNLNEEQRNAFIQSLKDDPSQSANLLAEAKKLNDAQA,v2_2M5A.pdb,mega
,A6QJQ7,VDNKFNKEQQNAFYEILHLPNLNEEQRNAFIQSLKDDPSQSANLLAEAKKLNDAQA,v2_2M5A.pdb,mega
,Q6G6Q3,VDNKFNKEQQNAFYEILHLPNLNEEQRNAFIQSLKDDPSQSANLLAEAKKLNDAQA,v2_2M5A.pdb,mega
,A5IVJ8,VDNKFNKEQQNAFYEILHLPNLNEEQRNAFIQSLKDDPSQSANLLAEAKKLNDAQA,v2_2M5A.pdb,mega
,Q2YVZ4,VDNKFNKEQQNAFYEILHLPNLNEEQRNAFIQSLKDDPSQSANLLAEAKKLNDAQA,v2_2M5A.pdb,mega
,A3DBH1,NRLGIIYEIQGMKAVVLTSEGEFLIIRRRKDMKVGQQVSFENEDIYNV,v2_6IVS.pdb,mega
