WT_name,pdb_id,uniprot_id,aa_seq,protein_name
r10_437_TrROS_Hall.pdb,,,EPELVFKVRVRTKDGRELEIEVSAEDLEKLLEALPDIEEVEIEEVEP,r10_437_TrROS_Hall.pdb
r11_233_TrROS_Hall.pdb,,,KTYTFRVRIVDEETGEEKEIEVTAKSEEEAKKAAEELKKKYPNLKVELE,r11_233_TrROS_Hall.pdb
r11_797_TrROS_Hall.pdb,,,EKTLKIVADSEEEAEALAKELAEKYNLEVTIERNPEEEGKYVITIKIKP,r11_797_TrROS_Hall.pdb
r11_829_TrROS_Hall.pdb,,,MTYRVRIENADGEVVTIEISADELREKGLTLEELLPPNARIVEVEEVEP,r11_829_TrROS_Hall.pdb
r11_951_TrROS_Hall.pdb,,,KKKYVIKVYFEDTGKEVEIEAESKEEALEAAKRLAEELGLKIKKVEIYP,r11_951_TrROS_Hall.pdb
r4_412_TrROS_Hall.pdb,,,KKKIKIYIENENGEKKTIEIEVEGDIDEIAKELAKKYNVKIVKIEP,r4_412_TrROS_Hall.pdb
r6_560_TrROS_Hall.pdb,,,AKPPKTVTVKVEVTNADGETQTRTVTLTNLPKDLKPGDTVTLPETGQTARIVEITP,r6_560_TrROS_Hall.pdb
r6_831_TrROS_Hall.pdb,,,MVYKIRDKETGKVYEVTIDEETNEITVYDVKTGKPVKTVNMTIEELKEAGYEVEPV,r6_831_TrROS_Hall.pdb
r7_587_TrROS_Hall.pdb,,,PTIVLKVSPEELKALEKAGVEIEKIEKNEDGELYITLTPEALKKAGFE,r7_587_TrROS_Hall.pdb
EEHEE_rd3_0019.pdb,,,GQVHVGDTTYHFPNPEEARKFAEKAAKENNLQVTQHGNTFKVE,EEHEE_rd3_0019.pdb
EEHEE_rd3_0094.pdb,,,SQVHIGNTTFTFDNPEKAQKYAEKYAKKKGLTVQKNGDVWTVE,EEHEE_rd3_0094.pdb
EEHEE_rd3_0130.pdb,,,TKIIVNGKTFTAPTEEEAQKIAEKLAKKAGLTVHKKNGTFELK,EEHEE_rd3_0130.pdb
EEHEE_rd3_0146.pdb,,,QTVVIGDTTYHLNNPEAAQQIAKELAKKYGLKVVISGNTIKLK,EEHEE_rd3_0146.pdb
EEHEE_rd3_0602.pdb,,,TTIEWNGTKITVDNPQKAKELAKKIAKKLGLTVKVHGNTITIE,EEHEE_rd3_0602.pdb
EEHEE_rd3_1049.pdb,,,TTVKLGDIKVTFDNPEKAKKYAQKLAKIYQLTVHVHGDTIHVK,EEHEE_rd3_1049.pdb
EEHEE_rd3_1367.pdb,,,TFVEFNGKKVEYPTPEAAEKAAKKLAKKLNLKVTKKNGNYKLE,EEHEE_rd3_1367.pdb
EEHEE_rd3_1498.pdb,,,GTLHLNGVTVKVPSLEKAIKAAKKFAKKYNLEVQVHGNTVHVH,EEHEE_rd3_1498.pdb
EEHEE_rd3_1587.pdb,,,QTIHNGDQTYHYDNPEEAIKVAQKLAKIYNLTVTVKGNTVQVH,EEHEE_rd3_1587.pdb
EEHEE_rd3_1716.pdb,,,TEVHLGDIKLKYPNPEQAKKAAEKLAQKYNLTWTVIGDYVKIE,EEHEE_rd3_1716.pdb
EEHEE_rd3_1810.pdb,,,TTVKVNGTKYKFDTPEEAQKFAKKAADKYNLKVVVDGDDLRVE,EEHEE_rd3_1810.pdb
EEHEE_rd4_0003.pdb,,,KKVTINGVEIKFNNPEEAVKFALELAKRLNLRIEFHGDQIKIE,EEHEE_rd4_0003.pdb
EEHEE_rd4_0363.pdb,,,VTVDIKGMEYHFDNPEEAKKFAERMAKELGGELKVENGTLKVE,EEHEE_rd4_0363.pdb
EEHEE_rd4_0371.pdb,,,VTVHVNRYTYHFDNPEEAEKFAREMAKRLNMTVEIHGNTLKVE,EEHEE_rd4_0371.pdb
EEHEE_rd4_0469.pdb,,,ITIHVNGVTYHFDNPEEAEKFAQKMAKTYQLKMEIHNGEFHME,EEHEE_rd4_0469.pdb
EEHEE_rd4_0647.pdb,,,MQVTWGNVTVTFSNPEEAKKYAEKVARKLGGQVELHNGQFRIK,EEHEE_rd4_0647.pdb
EEHEE_rd4_0763.pdb,,,LTVHVGNVTYHFDNPEQAEEWAKRMAKKYQGQIHVKDGQFRIE,EEHEE_rd4_0763.pdb
EEHEE_rd4_0794.pdb,,,TTVHVNGVTYHFPNPEEAKKFVDRVVKEAGLTVEVKGNQWDVE,EEHEE_rd4_0794.pdb
EHEE_rd1_0101.pdb,,,TETREFDNEEEARKEAERLRRKGQDVQIRKKGNRWELRRT,EHEE_rd1_0101.pdb
EHEE_rd1_0407.pdb,,,SQTQRTQDENEARRIAEEWKRRGYDVEVRNRNGHWEVTWD,EHEE_rd1_0407.pdb
EHEE_rd1_0459.pdb,,,TERYETTDPREAERIKRELKKRGKKVEVREKNGKFEITSK,EHEE_rd1_0459.pdb
EHEE_rd2_0152.pdb,,,TETRTFTDEREARRFEQEARDNGKDVQVRESNGKFEVRVK,EHEE_rd2_0152.pdb
EHEE_rd2_0191.pdb,,,TTEYTFTDDEEARRAIEELKKRGLTFRYEKHGTTWRVRVD,EHEE_rd2_0191.pdb
EHEE_rd2_0196.pdb,,,TETRTFDSEEEAKKAQKEAEKQGRTVTITRRDDRWEVRFD,EHEE_rd2_0196.pdb
EHEE_rd2_0372.pdb,,,ETEYTFDDKREADRAAKEAQNNGLRVHVTKDGNRWKVRID,EHEE_rd2_0372.pdb
EHEE_rd2_0487.pdb,,,TETYKYDDKREAEKAAEEFRRRGITVTVEERNGTWVLESK,EHEE_rd2_0487.pdb
EHEE_rd2_0601.pdb,,,TYTYKLTDEEASRRAEDEWRNRGYDVRVRNNNGTWEVEVR,EHEE_rd2_0601.pdb
EHEE_rd2_0751.pdb,,,TETYETTDETEARKIAEELKRRGLTFRIERHGTTIRIESD,EHEE_rd2_0751.pdb
EHEE_rd2_1106.pdb,,,ERTETYDDEEQARRAEEEARRKGKEVEVRRENDRWKVRIK,EHEE_rd2_1106.pdb
EHEE_rd2_1257.pdb,,,EEERTFTNEEEARKAKKEAEKRGLRVTVTKDGTTWRVRIG,EHEE_rd2_1257.pdb
EHEE_rd3_0035.pdb,,,TEHYTFHTEEQAQRAAKKFKKQGLPVTIHEKNGKFTLQVN,EHEE_rd3_0035.pdb
EHEE_rd3_0053.pdb,,,TYTFKVDNKDQAKKAAKWAKKLGLSFQIEKHGDTFKITVQ,EHEE_rd3_0053.pdb
EHEE_rd4_0086.pdb,,,EIHIRTNGEEQARKVYKMLAKRNYDVKIEQHNGQWVVTAS,EHEE_rd4_0086.pdb
EHEE_rd4_0172.pdb,,,EVHFESHGEEQAMRVVKMLKKRNLTVEVKVENNKWIITAK,EHEE_rd4_0172.pdb
EHEE_rd4_0195.pdb,,,KITVTFNGEEKARRYYKKMQKHNLKVEIRVENNQWVVHVE,EHEE_rd4_0195.pdb
EHEE_rd4_0325.pdb,,,RLHIEVEGTELMKKLVEEAKRRNLNVRAKVENGKWIIEID,EHEE_rd4_0325.pdb
EHEE_rd4_0463.pdb,,,SEHYTFDGEEQAIRFMRDMEAKNLKYELQIHNGKYIIQVD,EHEE_rd4_0463.pdb
EHEE_rd4_0625.pdb,,,RITITTHGKEQAMKAMKKMQAQNLEVHVRVENGQWVITAD,EHEE_rd4_0625.pdb
EHEE_rd4_0840.pdb,,,KMTIRVKGKELARRIAKEMKDRNLKVEIHEHGDEVILEIE,EHEE_rd4_0840.pdb
EHEE_rd4_0864.pdb,,,EETYEVDGEEQLKKVEKMLRDRNLDVEVEIHNGKFVIRAK,EHEE_rd4_0864.pdb
HEEH_KT_rd6_0007.pdb,,,SIEEEIKKAEEAKEKGKTFIHGDFVATTEELLDELLKRLRKKL,HEEH_KT_rd6_0007.pdb
HEEH_KT_rd6_0790.pdb,,,SEEEEEEWRRAKERGEEIIILGILWKPNDEEAERRIKEALRRV,HEEH_KT_rd6_0790.pdb
HEEH_KT_rd6_3632.pdb,,,DAEELIELVERALKEGREIILLGVRITSEEAGKWFIEWIRRFL,HEEH_KT_rd6_3632.pdb
HEEH_rd3_0223.pdb,,,TIDEIIKALEQAVKDNKPIQVGNYTVTSADEAEKLAKKLKKEY,HEEH_rd3_0223.pdb
HEEH_rd4_0097.pdb,,,DVEEQIRRLEEVLKKNQPVTWNGTTYTDPNEIKKVIEELRKSM,HEEH_rd4_0097.pdb
HEEH_rd4_0349.pdb,,,DWREIAKLAEEALKKQQPVTVNGQTFNDPNEIKKLLETAQKAI,HEEH_rd4_0349.pdb
HHH_rd1_0335.pdb,,,TEDEKKIQELLKRANGDVSKAEKLAQSQGNEELARRLREYANK,HHH_rd1_0335.pdb
HHH_rd1_0473.pdb,,,QKEELKEKAKEAVKRGNKDKARELLKRAGISEEEAKKIIKKIE,HHH_rd1_0473.pdb
HHH_rd1_0516.pdb,,,DEDSERELEKLRKNNASKEEIKEVLKRLGFSEDEAKKLAEKAG,HHH_rd1_0516.pdb
HHH_rd1_0598.pdb,,,TEDARKEAKKIIDNGGSPDEAAKFIKKYGLSEDQARELVKRAL,HHH_rd1_0598.pdb
HHH_rd1_0606.pdb,,,PDDEWKERLREAEEKNNWKLFEELARKAGVSEEKIEEWKRRWS,HHH_rd1_0606.pdb
HHH_rd2_0181.pdb,,,PKDQAKKEIEKALRNGDEEKAKRLAKKYGISDDDWKELKKRVS,HHH_rd2_0181.pdb
HHH_rd4_0676.pdb,,,ADDEVAKLLVDAYRKNDEDKLEEVKKRYNISDEQVKRLIRKVL,HHH_rd4_0676.pdb
HHH_rd4_0816.pdb,,,SDEEKKVRDQAKRLGVNTEQLLKWARRQGDEDLVRIVERLLRS,HHH_rd4_0816.pdb
HHH_rd4_0870.pdb,,,EEEEKKKEEIARLLGVSKEDVERILKKNNLDIEQLLRRVQREN,HHH_rd4_0870.pdb
1LP1.pdb,1LP1,P38507,KFNKELSVAGREIVTLPNLNDPQKKAFIFSLWDDPSQSANLLAEAKKLNDAQAPK,1LP1.pdb
2B88.pdb,2B88,,NKFNKELGWATWEIFNLPNLNGVQVKAFIDSLRDDPSQSANLLAEAKKLNDAQA,2B88.pdb
2HBB.pdb,2HBB,,MKVIFLKDVKGKGKKGEIKNVADGYANNFLFKQGLAIEATPANLKALE,2HBB.pdb
2D1U.pdb,2D1U,,QVNIAPGSLDKALNQYAAHSGFTLSVDASLTRGKQSNGLHGDYDVESGLQQLLDGSGLQVKPLGNNSWTLEP,2D1U.pdb
1UFM.pdb,1UFM,,SSGGSSILDRAVIEHNLLSASKLYNNITFEELGALLEIPAAKAEKIASQMITEGRMNGFIDQIDGIVHFETR,1UFM.pdb
1O6X.pdb,1O6X,P48052,VGDQVLEIVPSNEEQIKNLLQLEAQEHLQLDFWKSPTTPGETAHVRVPFVNVQAVKVFLESQGIAYSIMIED,1O6X.pdb
2AMI.pdb,2AMI,,GLTEEQKQEIREAFDLFDTDGSGTIDAKELKVAMRALGFEPKKEEIKKMISEIDKDGSGTIDFEEFLTMMTA,2AMI.pdb
2M2J.pdb,2M2J,,HAATELTPEQAAALKPYDRIVITGRFNAIGDAVSAVSRRADEEGAASFYVVDTSEFGNSGNWRVVADVYKA,2M2J.pdb
2MA4.pdb,2MA4,,AEIMKKTDFDKVASEYTKIGTISTTGEMSPLDAREDLIKKADEKGADVVVLTSGQTENKIHGTADIYKKK,2MA4.pdb
5KPH.pdb,5KPH,,EEKRQVKQVAKEKLLEQSPNSKVQVRRVQKQGNTIRVELELRTNGKKENYTVEVERQGNTWTVKRITRT,5KPH.pdb
2MC5.pdb,2MC5,,EFTQISGYVNAFGSQRGSVLTVKVENDEGWTLVEEDFDRADYGSDPEFVAEVSSYLKRNGGIKDLTKVL,2MC5.pdb
2KFV.pdb,2KFV,,VPQRAWTVEQLRSEQLPKKDIIKFLQEHGSDSFLAEHKLLGNIKNVAKTANKDHLVTAYNHLFETKRFK,2KFV.pdb
3L1X.pdb,3L1X,,DAPDEFRDPLMDTLMTDPVRLPSGTIMDRSIILRHLLNSPTDPFNRQTLTESMLEPVPELKEQIQAWMR,3L1X.pdb
7BPM.pdb,7BPM,,GTEIELESKNGQREHYTATSEDEARKIIEKAVRRGIKRIELRGASEQLIRDMQEIAKQIGLQYRTDGSL,7BPM.pdb
1ZHC.pdb,1ZHC,,HEFRDEISVLKANNPHFDKIFEKHNQLDDDIKTAEQQNASDAEVSHMKKQKLKLKDEIHSMIIEYREK,1ZHC.pdb
2KCM.pdb,2KCM,,MKGKVVSYLAAKKYGFIQGDDGESYFLHFSELLDKKDEGKLVKGSMVHFDPTPTPKGLAAKAISLPLE,2KCM.pdb
2M8U.pdb,2M8U,,TKAQVIEAFKVFDRDGNGYVTVDYLRKVLNELGDMMPADEIEEMIYEADPQNSGYVQYETFVGMLFL,2M8U.pdb
2RRT.pdb,2RRT,,SEEEIREAFRVFDKDGNGYISAADLRHVMTNLGEKLTDEEVDEMIREADIDGDGQVNYEDFVQMMTA,2RRT.pdb
2O2W.pdb,2O2W,,GIDPFTGEAIAKFNFNGDTQVEMSFRKGERITLLRQVDENWYEGRIPGTSRQGIFPITYVDVIKRPL,2O2W.pdb
2JT1.pdb,2JT1,,SIVTKIISIVQERQNMDDGAPVKTRDIADAAGLSIYQVRLYLEQLHDVGVLEKVNAGKGVPGLWRLL,2JT1.pdb
2K5N.pdb,2K5N,,MAMNGTITTWFKDKGFGFIKDENGDNRYFHVIKVANPDLIKKDAAVTFEPTTNNKGLSAYAVKVVPL,2K5N.pdb
2JN4.pdb,2JN4,,MKVMIRKTATGHSAYVAKKDLEELIVEMENPALWGGKVTLANGWQLELPAMAADTPLPITVEARKL,2JN4.pdb
2M0Y.pdb,2M0Y,,WVPTKREEKYGVAFYNYDARGADELSLQIGDTVHILETYEGWYRGYTLRKKSKKGIFPASYIHLKE,2M0Y.pdb
1F0M.pdb,1F0M,P29323,SFNTVDEWLEAIKMGQYKESFANAGFTSFDVVSQMMMEDILRVGVTLAGHQKKILNSIQVMRAQMN,1F0M.pdb
2LO1.pdb,2LO1,,TTYYDVLGVKPNATQEELKKAYRKLALKYHPDKNPNEGEKFKQISQAYEVLSDAKKRELYDKGGE,2LO1.pdb
2LGW.pdb,2LGW,,SYYEILDVPRSASADDIKKAYRRKALQWHPDKNPDNKEFAEKKFKEVAEAYEVLSDKHKREIYDR,2LGW.pdb
1YU5.pdb,1YU5,,KLETFPLDVLVNTAAEDLPRGVDPSRKENHLSDEDFKAVFGMTRSAFANLPLWKQQNLKKEKGLF,1YU5.pdb
2KR3.pdb,2KR3,,GKELVLALYDYQEKSPREVTMKKGDILTLLNSTNKDWWKVEVKATANDKTYERQGFVPAAYVKKL,2KR3.pdb
2RJV.pdb,2RJV,,LETFPLDVLVNTAAEDLPRGVDPSRKENYLSDEDFKAVFGMTRSAFANLPLWKQQNLKKEKGLF,2RJV.pdb
1TG0.pdb,1TG0,,EVPFKVVAQFPYKSDYEDDLNFEKDQEIIVTSVEDAEWYFGEYQDSNGDVIEGIFPKSFVAVQG,1TG0.pdb
6M3N.pdb,6M3N,,TFTSIVTTNPDFGGFEFYVEAGQQFDDSAYEEAYGVSVPSAVVEEMNAKAAQLKDGEWLNVSHE,6M3N.pdb
1UZC.pdb,1UZC,,TYTWNTKEEAKQAFKELLKEKRVPSNASWEQAMKMIINDPRYSALAKLSEKKQAFNAYKVQTE,1UZC.pdb
3MYC.pdb,3MYC,,ETFPLDVLVNTAAEDLPRGVDPSRKENFLSDEDFKAVFGMTRSAFANLPLWKQQNLKKEKGLF,3MYC.pdb
2K2A.pdb,2K2A,,ELREAFRLYDKEGNGYISTDVMREILAELDETLSSEDLDAMIDEIDADGSGTVDFEEFMGVMT,2K2A.pdb
2KGT.pdb,2KGT,,LGPKYVGLWDFKSRTDEELSFRAGDVFHVARKEEQWWWATLLDEAGGAVAQGYVPHNYLAERE,2KGT.pdb
1A32.pdb,1A32,P05766,SPEVQIAILTEQINNLNEHLRVHKKDHHSRRGLLKMVGKRRRLLAYLRNKDVARYREIVEKLG,1A32.pdb
2JTV.pdb,2JTV,,MATADDFKLIRDIHSTGGRRQVFGSREQKPFEDLVDLGWLKRSSVDSRATHYQITERGTSAAL,2JTV.pdb
1ORC.pdb,1ORC,P03040,QRITLKDYAMRFGQTKTAKDLGVYQSAINKAIHAGRKIFLTINADGSVYAEEVKDGEVKPFPS,1ORC.pdb
5VNT.pdb,5VNT,,PAHPYDRLKTTSTDPVSDIDVTRREAYLSSEEFKEKFGMTKEAFYKLPKWKQNKFKMAVQLF,5VNT.pdb
2LYQ.pdb,2LYQ,,IINNLKLIREKKKISQSELAALLEVSRQTINGIEKNKYNPSLQLALKIAYYLNTPLEDIFQW,2LYQ.pdb
2OCH.pdb,2OCH,,TGYYDVLGVKPDASDNELKKAYRKMALKFHPDKNPDGAEQFKQISQAYEVLSDEKKRQIYDQ,2OCH.pdb
2LYR.pdb,2LYR,,MIINNLKLIREKKKISQSELAALLEVSRQTINGIEKNKYNPSLQLALKIAYYLNTPLEDIFQ,2LYR.pdb
2L9R.pdb,2L9R,,HSHMSHTQVIELERKFSHQKYLSAPERAHLAKNLKLTETQVKIWFQNRRYKTKRKQLSSEL,2L9R.pdb
2MCK.pdb,2MCK,,HHGSGALAALHADGPHAGLPVTRSDARVLIFNDWEERKRSEPWLRLDMSDKAIFRRYPHLR,2MCK.pdb
2BTT.pdb,2BTT,,KDPKFEAAYDFPGSGSSSELPLKKGDIVFISRDEPSGWSLAKLLDGSKEGWVPTAYMTPYK,2BTT.pdb
1R69.pdb,1R69,P16117,SISSRVKSKRIQLGLNQAELAQKVGTTQQSIEQLENGKTKRPRFLPELASALGVSVDWLLN,1R69.pdb
6SCW.pdb,6SCW,,MDETGKELVLALYDYQEKSPREVTMKKGDILTLLNSTNKDWWKVEVNDRQGFVPAAYVKKL,6SCW.pdb
1TUD.pdb,1TUD,,RQGFVPAAYVKKLDSGTGKELVLALYDYQEKSPREVTMKKGDILTLLNSTNKDWWKVEVN,1TUD.pdb
6NMW.pdb,6NMW,,QGDIVVALYPYDGIHPDDLSFKKGEKMKVLEEHGEWWKAKSLLTKKEGFIPSNYVAKLN,6NMW.pdb
4HCK.pdb,4HCK,,DIIVVALYDYEAIHHEDLSFQKGDQMVVLEESGEWWKARSLATRKEGYIPSNYVARVDS,4HCK.pdb
2M6Y.pdb,2M6Y,,TTYYDVLGVKPNATQEELKKAYRKLALKYHPDKNPNEGEKFKQISQAYEVLSDAKKREL,2M6Y.pdb
2LJ3.pdb,2LJ3,,ETGKELVLALYDYQEKSPREVTMKKGDILTLLNSTNKDWWKVEVNDRQGFVPAAYVKKL,2LJ3.pdb
5JRT.pdb,5JRT,,FSITQFVRNLGLEHLMDIFEREQITLRVLVEMGHKELKEIGINAYGHREKLIKGVERLI,5JRT.pdb
1I2T.pdb,1I2T,O95071,HRQALGERLYPRVQAMQPAFASKITGMLLELSPAQLLLLLASEDSLRARVDEAMELII,1I2T.pdb
1Y0M.pdb,1Y0M,,KSAVKALFDYKAQREDELTFTKSAIIQNVEKQDGGWWRGDYGGKKQLWFPSNYVEEMI,1Y0M.pdb
1QLY.pdb,1QLY,Q06187,LKKVVALYDYMPMNANDLQLRKGDEYFILEESNLPWWRARDKNGQEGYIPSNYVTEAE,1QLY.pdb
1GL5.pdb,1GL5,P24604,SEIVVAMYDFQATEAHDLRLERGQEYIILEKNDLHWWRARDKYGSEGYIPSNYVTGKK,1GL5.pdb
1H92.pdb,1H92,P06239,DNLVIALHSYEPSHDGDLGFEKGEQLRILEQSGEWWKAQSLTTGQEGFIPFNFVAKA,1H92.pdb
1PWT.pdb,1PWT,P07751,GKELVLALYDYQEKSPREVTMKKGDILTLLNSTNKDWWKVEVNDRQGFVPAAYVKKL,1PWT.pdb
3CQT.pdb,3CQT,,TLFEALYDYEARTEDDLSFHKGEKFQILNSSEGDWWEARSLTTGETGYIPSIYLAPV,3CQT.pdb
5OAO.pdb,5OAO,,PTLFAAISHKVAENDMLLINADYQQLRDKKMTRAEFVRKLRVIVGDDLLRSTITTLQ,5OAO.pdb
1YP5.pdb,1YP5,,PMFEAAYDFPGSGSPSELPLKKGDVIYITREEPSGWSLGKLLDGSKEGWVPTAYMKP,1YP5.pdb
3I35.pdb,3I35,,KRYRAVYDYSAADEDEVSFQDGDTIVNVQQIDDGWMYGTVERTGDTGMLPANYVEAI,3I35.pdb
7JJK.pdb,7JJK,,RPMNAFMVWARIHRPALAKANPAANNAEISVQLGLEWNKLSEEQKKPYYDEAQKIKE,7JJK.pdb
2LP5.pdb,2LP5,,TLFEALYDYEARTEDDLSFHKGEKFQILNSSEGDWWEVRSLTTGETGYIPSPYLAPV,2LP5.pdb
1QKX.pdb,1QKX,P07751,KELVLALYDYQEKSPREVTMKKGDILTLLNSTNKDWWKVEVADRQGFVPAAYVKKL,1QKX.pdb
5UBS.pdb,5UBS,,MTFKLIINGKTLKGETTTEAVDAATAEKVFKQYFNDNGIDGEWTYDDATKTFTITE,5UBS.pdb
1ZLM.pdb,1ZLM,,VKVFRALYTFEPRTPDELYFEEGDIIYITDMSDTNWWKGTSKGRTGLIPSNYVAEQ,1ZLM.pdb
2JVG.pdb,2JVG,,VRHDERVKSANDAISKLNEKDSIENRRLAQREVNKAPMDVKEHLQKQLDALVAQKD,2JVG.pdb
2CDT.pdb,2CDT,,ELVLALYDYQEKSPREVTMKKGDILTLLNSTNKDWWKVEVNDRQGFVPASYVKKLD,2CDT.pdb
2JZ2.pdb,2JZ2,,MIFPGATVRVTNVDDTYYRFEGLVQRVSDGKAAVLFENGNWDKLVTFRLSELEAVK,2JZ2.pdb
5UCE.pdb,5UCE,,MTFKAIINGKTLKGETTTEAVDAATAEKVFKQYFNDNGLDGEWTYDDATKTFTVTE,5UCE.pdb
2L2P.pdb,2L2P,,TLFEALYDYEARTEDDLSFHKGEKFQILNSSEGDWWEVRSLTTGETGYIPSPYLA,2L2P.pdb
2L6Q.pdb,2L6Q,,VRQEELAAARAALHDLMTGKRVATVQKDGRRVEFTATSVSDLKKYIAELEVQTGM,2L6Q.pdb
1SRM.pdb,1SRM,P00523,TFVALYDYESRTETDLSFKKGERLQIVNNTEGDWWLAHSLTTGQTGYIPSNYVAP,1SRM.pdb
2LHR.pdb,2LHR,,YNLQKLLAPYHKAKTLERQVYELEKLQEKLPEKYKAEYKKKLDQTRVELADQVKS,2LHR.pdb
2MI6.pdb,2MI6,,DYEVGESVTVMDGPFATLPATISEVNAEQQKLKVLVSIFGRETPVELTFGQVSKI,2MI6.pdb
1JIC.pdb,1JIC,"P39476,P61991",TVKFKYKGEEKQVDISKIKKVWRVGKMISFTYDEGGGKTGRGAVSEKDAPKELLQ,1JIC.pdb
2MKY.pdb,2MKY,,KDKDLLKGLDQEQANEVIAVLQMHNIEANKIDSGKLGYSITVAEPDFTAAVYWIK,2MKY.pdb
2CJJ.pdb,2CJJ,,PWSAKENKAFERALAVYDKDTPDRWANVARAVEGRTPEEVKKHYEILVEDIKYI,2CJJ.pdb
2MXD.pdb,2MXD,,ALRDDEYDEWQDIIRDWRKEMTVQQFLDLKERALSGASDPDSQRYNAWLELRA,2MXD.pdb
2KRU.pdb,2KRU,,ELSWTAEAEKMLGKVPFFVRKKVRKNTDNYAREIGEPVVTADVFRKAKEHLG,2KRU.pdb
2M2L.pdb,2M2L,,TFEVERIVRKKIVHGNTSYLVKWKNYSSKDNTWETEDDIRTKYGDLVDDFEK,2M2L.pdb
2L7M.pdb,2L7M,,THFTSQQLQELEATFQRNHYPDMSTREEIAVWTNLTEARVRVWFKNRRAKWR,2L7M.pdb
2MYX.pdb,2MYX,,GGHPVTTQMVETVQNLAPNLHPEQIRYSLENTGSVEETVERYLRGDEFSFPP,2MYX.pdb
2L09.pdb,2L09,,NLRWTSEAKTKLKNIPFFARSQAKARIEQLARQAEQDIVTPELVEQARLEFG,2L09.pdb
2KVT.pdb,2KVT,,PREAYIVTIEKGKPGQTVTWYQLRADHPKPDSLISEHPTAQEAMDAKKRYED,2KVT.pdb
2L7F.pdb,2L7F,,HFTSQQLQELEATFQRNRYPDMSTREEIAVWTNLTEARVRVWFKNRRAKWR,2L7F.pdb
2JWT.pdb,2JWT,,RTAFSSEQLARLKREFNENRYLTERRRQQLSSELGLNEAQIKIWFQNKRA,2JWT.pdb
6SOW.pdb,6SOW,,KEQQNAFYEILHLPNLTEEQRNGFIQSLKDDPSVSKEILAEAKKLNDAQA,6SOW.pdb
2KZJ.pdb,2KZJ,,KEMRNAYWEIALLPNLNNQQKRAFIRSLYDDPSQSANLLAEAKKLNDAQA,2KZJ.pdb
2N88.pdb,2N88,,AVAESVIGKRVGDDGKTIEYLVKWTDMSDATWEPQDNVDSTLVLLYQQ,2N88.pdb
2M0C.pdb,2M0C,,TFTSYQLEELEKVFQKTHYPDVYAREQLAMRTDLTEARVQVWFQNRRA,2M0C.pdb
2JWS.pdb,2JWS,,LNLKQAKEEAIKELVDAGIAEKYIKLIANAKTVEGVWTLKDEILTFTV,2JWS.pdb
1ENH.pdb,1ENH,P02836,AFSSEQLARLKREFNENRYLTERRRQQLSSELGLNEAQIKIWFQNKRA,1ENH.pdb
4G3O.pdb,4G3O,,YFQGQLNAMAHQIQEMFPQVPYHLVLQDLQLTRSVEITTDNILEGRI,4G3O.pdb
5Z2S.pdb,5Z2S,,AVTGSQTALLLRAFEKDRFPGIAAREELARETGLPESRIQIWFQNRR,5Z2S.pdb
2LVN.pdb,2LVN,,QLNAMAHQIQEMFPQVPYHLVLQDLQLTRSVEITTDNILEGRIQVP,2LVN.pdb
1GJS.pdb,1GJS,P19909,NSLAEAKVLANRELDKYGVSDYYKNLINNAKTVEGVKALIDEILA,1GJS.pdb
6FVC.pdb,6FVC,,EQLARLKREFNENRYLTERRRQQLSSELGLNEAQIKIWFQNERA,6FVC.pdb
2L2D.pdb,2L2D,,TLDMDAVLSDFVRSTGAEPGLARDLLEGKNWDLTAALSDYEQ,2L2D.pdb
5UYO.pdb,5UYO,,DVEEQIRRLEEVLKKNQPVTWNGTTYTDPNEIKKVIEELRK,5UYO.pdb
2WQG.pdb,2WQG,,SADYSSLTVVQLKDLLTKRNLSVGGLKNEWVQRLIKDDEES,2WQG.pdb
2RRU.pdb,2RRU,,RLIESLSQMLSMGFSDEGGWLTRLLQTKNYDIGAALDTIQ,2RRU.pdb
2JVD.pdb,2JVD,,MISNAKIARINELAAKAKAGVITEEEKAEQQKLRQEYLK,2JVD.pdb
5UP5.pdb,5UP5,,QTQEFDNEEEARKAEKELRKENRRVTVTQENGRWRVTWD,5UP5.pdb
2M8E.pdb,2M8E,,DLRKKIVDLHKSGSSLGAISKRLKVPRSSVQTIVRKYK,2M8E.pdb
6YSE.pdb,6YSE,,HERALMVNRLQKLTRMLRVHPDPKWKQEQQELIKRLK,6YSE.pdb
2QFF.pdb,2QFF,,QNEKLANELKSLLDELNVNELATGSLNTYYKRTIKISGQKAMYALKSKDFKKMSEAKYQLQKIYNEIDEA,2QFF.pdb
1AOY.pdb,1AOY,P0A6D0,QEELVKAFKALLKEEKFSSQGEIVAALQEQGFDNINQSKVSRMLTKFGAVRTRNAKMEMVYCLPAELGV,1AOY.pdb
v2_2HDZ.pdb,,,AEEIWQQSVIGDYLARFKNDRVKALKAMEMTWNNMEKKEKLMWIKKAAED,v2_2HDZ.pdb
v2K43S_2KVV.pdb,,,EEWMVEKALMVRTGLGARQIESYRQGAWIEGVHFKRVSPSGESTLRGTTWYNYPEINKFIR,v2K43S_2KVV.pdb
v2_2LXE.pdb,,,VLKALERTRQLDIPDEKTMPVLMKLLEEAGGNWSYIKLDNYTALVDAIYSVED,v2_2LXE.pdb
v2_2M5A.pdb,,,VDNKFNKEQQNAFYEILHLPNLNEEQRNAFIQSLKDDPSQSANLLAEAKKLNDAQA,v2_2M5A.pdb
v2_4UZX.pdb,,,SPEEIKAKALDLLNKKLHRANKFGQDQADIDSLQRQINRVEKFGVDLNSKLAEELGLV,v2_4UZX.pdb
v2_6IVS.pdb,,,NRLGIIYEIQGMKAVVLTSEGEFLIIRRRKDMKVGQQVSFENEDIYNV,v2_6IVS.pdb
1IFY.pdb,1IFY,P54725,SEYETMLTEIMSMGYERERVVAALRASYNNPHRAVEYLLTGIPG,1IFY.pdb_wth
1K1V.pdb,1K1V,O54790,LTDEELVTMSVRELNQHLRGLSKEEIIQLKQRRRTLKNRGY,1K1V.pdb
1PV0.pdb,1PV0,Q7WY62,MRKLSDELLIESYFKATEMNLNRDFIELIENEIKRRSLGHIISV,1PV0.pdb
1W4G.pdb,1W4G,,NRRVIAMPSVRKWAREKGVDIRLVQGTGKNGRVLKEDIDAFLAG,1W4G.pdb
2GP8.pdb,2GP8,,ITGDVSAANKDAIRKQMDAAASKGDVETYRKLKAKLKGIR,2GP8.pdb
2M8I.pdb,2M8I,,GLEHMADEEKLPPGWEKRMSRSSGRVYYFNHITNASQWERPSG,2M8I.pdb
2M8J.pdb,2M8J,,GLEHMADEEKLPPGWEKRMERSSGRVYYFNHITNASQWERPSG,2M8J.pdb
4UZW.pdb,4UZW,,SADYSSLTVVQLKDLLTKRNLSVGGLKNELVQRLIKDDEESKGE,4UZW.pdb
r16_88_TrROS_Hall.pdb,,,EVIELKIKFKTPEQREKLKEIAKKLNAEVVEEKDGEVIIRFKTPEQAERALKEAEKLGAEVEL,r16_88_TrROS_Hall.pdb
EEHEE_rd3_0657.pdb,,,GQVNVNNTTYTFPTPKLAKEFAQKAAKKYNLTVHVSGNTVTVK,EEHEE_rd3_0657.pdb
EHEE_rd4_0044.pdb,,,RYTFRTRGPEQMKRVVEWARRQNLSYRVEVHGDEYIIHAE,EHEE_rd4_0044.pdb_wty
EEHEE_rd4_0256.pdb,,,LTVQLGNLEWHFDNPEQALKMAEELAKRYQLKVEIDNGTLKFK,EEHEE_rd4_0256.pdb
EEHEE_rd4_0784.pdb,,,KTVHVDGVEYRFNNPEEADKFVKRLVKEKNGNVEVRGDTYHVE,EEHEE_rd4_0784.pdb
EHEE_rd4_0098.pdb,,,KWTITVQGEEAIKWAIKVAEARNLDYTVHIDGDQAHITIE,EHEE_rd4_0098.pdb
EHEE_rd4_0394.pdb,,,AITFRFEGQEKAKKFYEKLMRQNLEATIHIHGDEVHVTVH,EHEE_rd4_0394.pdb
EHEE_rd4_0726.pdb,,,DIEITTNGEEDAKRVIKELQKRNLEYHIEVHGNQWVIKVR,EHEE_rd4_0726.pdb
HHH_rd2_0155.pdb,,,PPDDERKKAEKAARSGNEEKAREILERLGYSEDEARELAKRLR,HHH_rd2_0155.pdb
EEHEE_rd3_0809.pdb,,,GTVVVGNTKIKFPNPEKAEQFAKEIAKKLNLTVHTDGNTFTVK,EEHEE_rd3_0809.pdb
EEHEE_rd3_1615.pdb,,,KQVQVGDEKYTFDTPEEARKFAEKVAKEKNLKVTEKNGNFHVE,EEHEE_rd3_1615.pdb
EEHEE_rd3_1702.pdb,,,TTIHVGDLTLKYDNPKKAYEIAKKLAKKYNLTVTIKNGKITVT,EEHEE_rd3_1702.pdb
EEHEE_rd3_1818.pdb,,,GTLIVGDIKITVPTADAAKKLAQKFAELYNLSIIQDGNTYKLT,EEHEE_rd3_1818.pdb
EEHEE_rd4_0470.pdb,,,MTVRVDGVDYEFSSLEEAVRFALKMAKSKGAEVQLHNGTFHVE,EEHEE_rd4_0470.pdb
HEEH_KT_rd6_0280.pdb,,,SEIVKHAEEALERGEFVRIEHNGRVIEIRNEEALEELRRWVEK,HEEH_KT_rd6_0280.pdb
HHH_rd1_0493.pdb,,,RDEDEKEKIKEALKRGNEDKAKEIAKRANVSPEEYERLRKEAE,HHH_rd1_0493.pdb
HHH_rd1_0578.pdb,,,DENEERIRAFALYKGIDPEKARELWERGEINKDDEEKAWREYK,HHH_rd1_0578.pdb
1URF.pdb,1URF,,GIPATNLSRVAGLEKQLAIELKVKQGAENMIQTYSNGSTKDRKLLLTAQQMLQDSKTKIDIIRMQLRRALQ,1URF.pdb
6IWS.pdb,6IWS,,EDYYQILGVPRNASQKEIKKAYYQLAKKYHPDTNKDDPKAKEKFSQLAEAYEVLSDEVKRKQYDA,6IWS.pdb
2MCH.pdb,2MCH,,HHHHHGSGALAALHAEGPLAGLPVTRSDARVLIFNEWEERKKSDPWLRLDMSDKAIFRRYPHLR,2MCH.pdb
1OPS.pdb,1OPS,P19608,SQSVVATQLIPMNTALTPAMMEGKVTNPIGIPFAEMSQLVGKQVNTPVAKGQTLMPNMVKTYA,1OPS.pdb
1E6H.pdb,1E6H,P07751,DETGKELVLVLYDYQEKSPREVTIKKGDILTLLNSTNKDWWKIEVNDRQGFVPAAYLKKLD,1E6H.pdb
2EXD.pdb,2EXD,,TFELKGKVGKVVKIAEDHYLVEVEGDKWIAYSDEKLSLGDRVMVVDVDGLKLKVKRIP,2EXD.pdb
1H8K.pdb,1H8K,P07751,KELVLVLYDYQEKSPREVTVKKGDILTLLNSTNKDWWKVEVDDRQGFIPAAYLKKL,1H8K.pdb
2LUM.pdb,2LUM,,MQYKLVINGKTLKGETTTKAVDAETAEKAFKQYANDNGVDGVWTYDDATKTFTVTE,2LUM.pdb
2B89.pdb,2B89,,KFNKERVIAIGEIMRLPNLNSLQVVAFINSLRDDPSQSANLLAEAKKLNDAQAP,2B89.pdb
1W4F.pdb,1W4F,,RVIAMPSVRKYAREKGVDIRLVQGTGKNGRVLKEDIDAWLA,1W4F.pdb
5AHT.pdb,5AHT,,GSMEQGFLPKGWEVRHAPNGRPFFIDHNTKTTTWEDPRLKIPA,5AHT.pdb_wte
1E0L.pdb,1E0L,Q8CGF7,GATAVSEWTEYKTADGKTYYYNNRTLESTWEKPQELK,1E0L.pdb
1VII.pdb,1VII,,MLSDEDFKAVFGMTRSAFANLPLWKQQNLKKEKGLF,1VII.pdb
2MW9.pdb,2MW9,,GATAVSEWTERKTADGKTYYYNNRTLESTWEKPQELK,2MW9.pdb
2MWA.pdb,2MWA,,GATAVSEWTEYKTADGKTLYYNNRTLESTWEKPQELK,2MWA.pdb
2MWB.pdb,2MWB,,GATAVSEWTEYKTADGKTYYYNNRTLESTFEKPQELK,2MWB.pdb
2N4R.pdb,2N4R,,GATAVSEWTEYKTADGKTYYYNNRTDESTWEKPQELK,2N4R.pdb
2YSB.pdb,2YSB,,GEDLPLPPGWSVDWTMRGRKYYIDHNTNTTHWSHPLESGPSSG,2YSB.pdb
1YRF.pdb,1YRF,,LSDEDFKAVFGMTRSAFANLPLWKQQHLKKEKGLF,1YRF.pdb
3V1A.pdb,3V1A,,GSPLAQQIKNIHSFIHQAKAAGRMDEVRTLQENLHQLMHEYFQQ,3V1A.pdb
EHEE_rd4_0502.pdb,,,RYTITVNGEEQMKEAIKYMKKMNLNVEARVENGQFIITAD,EHEE_rd4_0502.pdb
EHEE_rd4_0877.pdb,,,RVQYHVEGTEAAIQFLREVKAQNLEVHVERKGDKYIIHVD,EHEE_rd4_0877.pdb
EEHEE_rd4_0308.pdb,,,ATVHVQGVQIDFDNPEKAVKYAQRVAKELGLEIRFHGDTIRVE,EEHEE_rd4_0308.pdb
EEHEE_rd4_0481.pdb,,,KTVHVNGVQYDFDNPEQAERFAKEMAKKAGLQIQFHGDQIKIE,EEHEE_rd4_0481.pdb
2LCL.pdb,2LCL,,ATPYPGDKVIITEGAFEGFQAIFTEPDGEARSMLLLNLINKEIKHSVKNTEFRKL,2LCL.pdb
2MH8.pdb,2MH8,,NGDKGYNGLAEAKEKAIKDLKIYGIGEHYIKLIEKAKQVAAVEDLKDEILKAHD,2MH8.pdb
2LHC.pdb,2LHC,,NLKQAKEEAIKELVDAGTAEKYFKLIANAKTVEGVWTLKDEIKTFT,2LHC.pdb
r10_490_TrROS_Hall.pdb,,,KVTIVVENIKVFGEDGKLTDEARRLLEKALEEAKRFPGKEVEIVLLP,r10_490_TrROS_Hall.pdb
6OBK.pdb,6OBK,,NKEHILAQKEVLTPIEYEHYVKHLFDIGEITKELYIELSS,6OBK.pdb
r4_43_TrROS_Hall.pdb,,,DLVTIKVPLENLEEIKKAAEKAGFKIVSISYDKENKEVTIVIEKKK,r4_43_TrROS_Hall.pdb
EEHEE_rd4_0005.pdb,,,TTVEFNGLQFHFDNPEQMVKFALKVAKKLNLQVEFHGDTVKIE,EEHEE_rd4_0005.pdb
HEEH_KT_rd6_0872.pdb,,,SEEELIEKAEKLRKEFEFIWNGIRFIIRENADEIRRFEELLKE,HEEH_KT_rd6_0872.pdb
HEEH_KT_rd6_3546.pdb,,,SEEDKEREHWERLNRDFELRVLDTTFIAHHAEEVIKLLRWLEK,HEEH_KT_rd6_3546.pdb
HEEH_rd3_0055.pdb,,,TIEDAIKKLLKLAQKGQPYTFGDFTVTSEEEAKKLAKWLKKQL,HEEH_rd3_0055.pdb
